Family,"Family
ID",Assessment,Housing,Health and Wellness,Food/Nutrition,Transportation,Employment,Financial Literacy,Family Safety,Heating,Family Relationships,Child Development/Parenting Skills,Family Literacy,School Readiness,Education/Training,Family Engagement,Child's Educational Transitions,Life Transitions,Family Relationships,Community Involvement,Leadership and Advocacy,TOTAL,Classroom,Year
2521's Family,2521,1,3,3,3,3,2,3,3,3,4,4,4,4,3,3,4,3,4,3,3,62,ACAP Early Education Services - Birch Early Care & Education - < No Classroom >,2021-2022
2521's Family,2521,2,4,3,3,2,3,4,4,3,4,4,4,4,3,4,4,4,4,4,4,69,ACAP Early Education Services - Birch Early Care & Education - < No Classroom >,2021-2022
2001's Family,2001,1,3,3,2,2,2,2,4,3,2,2,2,2,3,3,3,3,3,3,2,49,ACAP Early Education Services - Birch Early Care & Education - Collaboration HS-Full Day,2021-2022
2001's Family,2001,2,3,3,3,2,2,3,4,3,2,2,3,3,2,3,3,3,3,3,2,52,ACAP Early Education Services - Birch Early Care & Education - Collaboration HS-Full Day,2021-2022
2141's Family,2141,1,4,4,4,4,4,4,4,3,4,5,3,4,3,3,4,4,4,4,2,71,ACAP Early Education Services - Birch Early Care & Education - Collaboration HS-Full Day,2021-2022
2141's Family,2141,2,3,4,3,3,2,3,4,3,4,4,4,4,3,3,4,4,4,2,2,63,ACAP Early Education Services - Birch Early Care & Education - Collaboration HS-Full Day,2021-2022
2144's Family,2144,1,3,4,3,4,4,3,4,3,3,3,4,4,4,4,4,4,3,3,3,67,ACAP Early Education Services - Birch Early Care & Education - Collaboration HS-Full Day,2021-2022
2144's Family,2144,2,4,4,3,4,4,3,4,3,3,3,4,4,4,4,4,4,3,3,3,68,ACAP Early Education Services - Birch Early Care & Education - Collaboration HS-Full Day,2021-2022
1777's Family,1777,1,4,4,4,3,3,5,4,3,4,3,3,3,3,3,3,3,4,4,3,66,ACAP Early Education Services - Birch Early Care & Education - Collaboration HS-Full Day,2021-2022
1777's Family,1777,2,4,4,4,3,3,5,4,4,4,3,3,3,3,3,3,3,4,4,3,67,ACAP Early Education Services - Birch Early Care & Education - Collaboration HS-Full Day,2021-2022
1422's Family,1422,1,3,4,3,4,3,4,4,3,4,3,4,4,2,3,3,3,4,3,3,64,ACAP Early Education Services - Birch Early Care & Education - Collaboration HS-Full Day,2021-2022
1422's Family,1422,2,3,4,3,4,3,4,4,3,4,3,4,4,2,3,3,3,4,3,3,64,ACAP Early Education Services - Birch Early Care & Education - Collaboration HS-Full Day,2021-2022
2360's Family,2360,1,3,4,4,2,3,3,3,3,2,3,2,3,3,3,3,3,2,4,4,57,ACAP Early Education Services - Birch Early Care & Education - Collaboration HS-Full Day,2021-2022
2360's Family,2360,2,3,4,4,4,2,3,3,3,2,3,2,3,3,3,3,3,2,4,4,58,ACAP Early Education Services - Birch Early Care & Education - Collaboration HS-Full Day,2021-2022
2345's Family,2345,1,4,4,4,5,4,4,5,5,4,5,5,5,5,4,5,5,5,5,4,87,ACAP Early Education Services - Birch Early Care & Education - Collaboration HS-Full Day,2021-2022
2345's Family,2345,2,4,4,4,5,5,4,5,5,4,5,5,5,5,4,5,5,5,5,4,88,ACAP Early Education Services - Birch Early Care & Education - Collaboration HS-Full Day,2021-2022
2259's Family,2259,1,4,3,3,4,3,3,4,3,4,4,3,3,3,3,3,3,4,3,2,62,ACAP Early Education Services - Birch Early Care & Education - Collaboration HS-Full Day,2021-2022
2259's Family,2259,2,3,3,3,4,2,3,4,3,4,4,3,3,3,3,3,3,4,3,2,60,ACAP Early Education Services - Birch Early Care & Education - Collaboration HS-Full Day,2021-2022
2311's Family,2311,1,4,4,4,4,3,3,5,3,4,4,4,3,3,3,3,3,4,2,2,65,ACAP Early Education Services - Birch Early Care & Education - Collaboration HS-Full Day,2021-2022
2311's Family,2311,2,4,4,4,4,4,3,5,3,4,4,4,3,3,3,3,3,4,2,2,66,ACAP Early Education Services - Birch Early Care & Education - Collaboration HS-Full Day,2021-2022
1328's Family,1328,1,5,4,3,5,4,4,4,3,4,4,3,4,3,4,4,4,4,5,3,74,ACAP Early Education Services - Birch Early Care & Education - Collaboration HS-Full Day,2021-2022
1328's Family,1328,2,5,4,3,5,4,4,4,3,4,4,3,4,4,4,4,4,4,5,3,75,ACAP Early Education Services - Birch Early Care & Education - Collaboration HS-Full Day,2021-2022
1990's Family,1990,1,3,3,3,2,2,3,4,3,4,4,3,3,3,3,4,3,4,4,3,61,ACAP Early Education Services - Birch Early Care & Education - Collaboration HS-Full Day,2021-2022
1990's Family,1990,2,3,3,3,2,2,3,4,3,4,4,3,3,3,3,4,3,4,4,3,61,ACAP Early Education Services - Birch Early Care & Education - Collaboration HS-Full Day,2021-2022
1070's Family,1070,1,4,4,4,2,2,4,5,3,4,4,3,3,3,3,4,3,4,4,2,65,ACAP Early Education Services - Birch Early Care & Education - Early Head Start,2021-2022
1070's Family,1070,2,4,4,4,4,4,4,5,3,4,4,3,3,4,3,4,3,4,4,3,71,ACAP Early Education Services - Birch Early Care & Education - Early Head Start,2021-2022
2259's Family,2259,1,4,3,3,4,3,3,4,3,4,4,3,3,3,3,3,3,4,3,2,62,ACAP Early Education Services - Birch Early Care & Education - Early Head Start,2021-2022
2259's Family,2259,2,3,3,3,4,2,3,4,3,4,4,3,3,3,3,3,3,4,3,2,60,ACAP Early Education Services - Birch Early Care & Education - Early Head Start,2021-2022
2001's Family,2001,1,3,3,2,2,2,2,4,3,2,2,2,2,3,3,3,3,3,3,2,49,ACAP Early Education Services - Birch Early Care & Education - Early Head Start,2021-2022
2001's Family,2001,2,3,3,3,2,2,3,4,3,2,2,3,3,2,3,3,3,3,3,2,52,ACAP Early Education Services - Birch Early Care & Education - Early Head Start,2021-2022
2251's Family,2251,1,4,3,3,3,3,3,3,3,3,3,3,3,2,3,3,3,3,2,2,55,ACAP Early Education Services - Birch Early Care & Education - Early Head Start,2021-2022
2251's Family,2251,2,4,3,3,4,4,3,3,3,3,3,3,3,3,3,3,3,3,2,2,58,ACAP Early Education Services - Birch Early Care & Education - Early Head Start,2021-2022
2144's Family,2144,1,3,4,3,4,4,3,4,3,3,3,4,4,4,4,4,4,3,3,3,67,ACAP Early Education Services - Birch Early Care & Education - Early Head Start,2021-2022
2144's Family,2144,2,4,4,3,4,4,3,4,3,3,3,4,4,4,4,4,4,3,3,3,68,ACAP Early Education Services - Birch Early Care & Education - Early Head Start,2021-2022
2259's Family,2259,1,4,3,3,4,3,3,4,3,4,4,3,3,3,3,3,3,4,3,2,62,ACAP Early Education Services - Birch Early Care & Education - Infant/Toddler,2021-2022
2259's Family,2259,2,3,3,3,4,2,3,4,3,4,4,3,3,3,3,3,3,4,3,2,60,ACAP Early Education Services - Birch Early Care & Education - Infant/Toddler,2021-2022
2001's Family,2001,1,3,3,2,2,2,2,4,3,2,2,2,2,3,3,3,3,3,3,2,49,ACAP Early Education Services - Birch Early Care & Education - Infant/Toddler,2021-2022
2001's Family,2001,2,3,3,3,2,2,3,4,3,2,2,3,3,2,3,3,3,3,3,2,52,ACAP Early Education Services - Birch Early Care & Education - Infant/Toddler,2021-2022
2251's Family,2251,1,4,3,3,3,3,3,3,3,3,3,3,3,2,3,3,3,3,2,2,55,ACAP Early Education Services - Birch Early Care & Education - Infant/Toddler,2021-2022
2251's Family,2251,2,4,3,3,4,4,3,3,3,3,3,3,3,3,3,3,3,3,2,2,58,ACAP Early Education Services - Birch Early Care & Education - Infant/Toddler,2021-2022
2144's Family,2144,1,3,4,3,4,4,3,4,3,3,3,4,4,4,4,4,4,3,3,3,67,ACAP Early Education Services - Birch Early Care & Education - Infant/Toddler,2021-2022
2144's Family,2144,2,4,4,3,4,4,3,4,3,3,3,4,4,4,4,4,4,3,3,3,68,ACAP Early Education Services - Birch Early Care & Education - Infant/Toddler,2021-2022
2001's Family,2001,1,3,3,2,2,2,2,4,3,2,2,2,2,3,3,3,3,3,3,2,49,ACAP Early Education Services - Birch Early Care & Education - Preschool,2021-2022
2001's Family,2001,2,3,3,3,2,2,3,4,3,2,2,3,3,2,3,3,3,3,3,2,52,ACAP Early Education Services - Birch Early Care & Education - Preschool,2021-2022
2144's Family,2144,1,3,4,3,4,4,3,4,3,3,3,4,4,4,4,4,4,3,3,3,67,ACAP Early Education Services - Birch Early Care & Education - Preschool,2021-2022
2144's Family,2144,2,4,4,3,4,4,3,4,3,3,3,4,4,4,4,4,4,3,3,3,68,ACAP Early Education Services - Birch Early Care & Education - Preschool,2021-2022
1777's Family,1777,1,4,4,4,3,3,5,4,3,4,3,3,3,3,3,3,3,4,4,3,66,ACAP Early Education Services - Birch Early Care & Education - Preschool,2021-2022
1777's Family,1777,2,4,4,4,3,3,5,4,4,4,3,3,3,3,3,3,3,4,4,3,67,ACAP Early Education Services - Birch Early Care & Education - Preschool,2021-2022
1514's Family,1514,1,3,3,3,4,3,3,4,3,4,3,4,2,2,2,3,3,4,3,3,59,ACAP Early Education Services - Birch Early Care & Education - Preschool,2021-2022
1514's Family,1514,2,3,3,3,4,3,3,4,3,4,3,4,3,2,2,3,4,4,4,3,62,ACAP Early Education Services - Birch Early Care & Education - Preschool,2021-2022
2360's Family,2360,1,3,4,4,2,3,3,3,3,2,3,2,3,3,3,3,3,2,4,4,57,ACAP Early Education Services - Birch Early Care & Education - Preschool,2021-2022
2360's Family,2360,2,3,4,4,4,2,3,3,3,2,3,2,3,3,3,3,3,2,4,4,58,ACAP Early Education Services - Birch Early Care & Education - Preschool,2021-2022
2259's Family,2259,1,4,3,3,4,3,3,4,3,4,4,3,3,3,3,3,3,4,3,2,62,ACAP Early Education Services - Birch Early Care & Education - Preschool,2021-2022
2259's Family,2259,2,3,3,3,4,2,3,4,3,4,4,3,3,3,3,3,3,4,3,2,60,ACAP Early Education Services - Birch Early Care & Education - Preschool,2021-2022
2465's Family,2465,1,3,4,3,4,3,4,3,3,4,4,5,4,3,3,4,3,4,4,3,68,ACAP Early Education Services - Caribou Early Education Services - AM Colaboration,2021-2022
2465's Family,2465,2,3,4,3,4,3,3,5,3,3,4,5,4,4,3,4,4,4,3,3,69,ACAP Early Education Services - Caribou Early Education Services - AM Colaboration,2021-2022
1517's Family,1517,1,4,4,3,4,4,4,5,3,4,4,2,4,4,4,4,4,4,4,4,73,ACAP Early Education Services - Caribou Early Education Services - AM Colaboration,2021-2022
1517's Family,1517,2,5,5,4,5,4,3,5,3,4,5,4,4,4,3,5,3,5,3,3,77,ACAP Early Education Services - Caribou Early Education Services - AM Colaboration,2021-2022
2498's Family,2498,1,3,4,4,4,3,3,4,3,3,4,4,4,3,4,4,4,3,3,4,68,ACAP Early Education Services - Caribou Early Education Services - AM Colaboration,2021-2022
2498's Family,2498,2,3,4,3,4,2,3,4,3,3,5,4,4,3,4,4,4,3,3,4,67,ACAP Early Education Services - Caribou Early Education Services - AM Colaboration,2021-2022
1126's Family,1126,1,4,4,3,5,2,3,5,3,4,5,4,5,4,4,5,4,5,4,4,77,ACAP Early Education Services - Caribou Early Education Services - EHS 1,2021-2022
1126's Family,1126,2,4,4,4,3,2,2,4,3,4,4,3,4,4,3,3,4,4,4,4,67,ACAP Early Education Services - Caribou Early Education Services - EHS 1,2021-2022
2692's Family,2692,1,2,3,4,1,1,1,4,1,3,2,3,4,1,2,2,1,2,2,1,40,ACAP Early Education Services - Caribou Early Education Services - EHS 1,2021-2022
2692's Family,2692,2,2,3,3,1,1,1,4,1,3,2,3,4,1,3,2,2,2,2,1,41,ACAP Early Education Services - Caribou Early Education Services - EHS 1,2021-2022
2662's Family,2662,1,2,3,3,4,4,3,4,2,3,3,4,4,3,4,3,3,3,3,3,61,ACAP Early Education Services - Caribou Early Education Services - EHS 1,2021-2022
2662's Family,2662,2,3,3,3,4,1,3,3,3,4,4,5,4,4,4,4,3,4,3,3,65,ACAP Early Education Services - Caribou Early Education Services - EHS 1,2021-2022
2680's Family,2680,1,3,3,2,2,1,3,5,2,3,5,3,4,4,3,3,3,3,3,2,57,ACAP Early Education Services - Caribou Early Education Services - EHS 1,2021-2022
2680's Family,2680,2,3,3,3,3,3,3,5,3,3,4,3,4,3,4,4,4,4,3,3,65,ACAP Early Education Services - Caribou Early Education Services - EHS 1,2021-2022
2136's Family,2136,1,4,4,3,4,4,3,4,3,4,4,4,4,4,4,4,4,4,3,3,71,ACAP Early Education Services - Caribou Early Education Services - EHS 1,2021-2022
2136's Family,2136,2,3,4,3,4,4,3,5,3,4,5,5,5,4,4,5,5,4,4,4,78,ACAP Early Education Services - Caribou Early Education Services - EHS 1,2021-2022
1132's Family,1132,1,5,5,3,5,5,4,5,3,5,5,5,5,5,4,5,5,5,4,4,87,ACAP Early Education Services - Caribou Early Education Services - EHS 1,2021-2022
1132's Family,1132,2,5,5,4,5,4,5,5,4,5,5,5,5,4,4,5,5,4,4,4,87,ACAP Early Education Services - Caribou Early Education Services - EHS 1,2021-2022
2369's Family,2369,1,3,4,3,2,2,3,3,3,4,4,5,4,3,3,4,3,4,4,3,64,ACAP Early Education Services - Caribou Early Education Services - EHS 1,2021-2022
2369's Family,2369,2,4,4,3,1,3,3,5,3,3,3,5,3,3,3,4,4,4,3,2,63,ACAP Early Education Services - Caribou Early Education Services - EHS 1,2021-2022
2407's Family,2407,1,3,4,3,5,3,3,4,3,4,4,5,4,3,3,4,4,4,4,3,70,ACAP Early Education Services - Caribou Early Education Services - EHS 1,2021-2022
2407's Family,2407,2,3,4,4,4,3,3,4,3,3,4,4,4,3,4,4,4,4,3,3,68,ACAP Early Education Services - Caribou Early Education Services - EHS 1,2021-2022
2539's Family,2539,1,5,4,5,5,5,5,4,5,4,4,4,4,5,3,4,4,4,4,4,82,ACAP Early Education Services - Caribou Early Education Services - EHS 2,2021-2022
2539's Family,2539,2,5,4,4,5,4,4,5,5,4,5,5,4,5,4,4,4,4,4,4,83,ACAP Early Education Services - Caribou Early Education Services - EHS 2,2021-2022
1297's Family,1297,1,5,4,3,5,4,4,4,3,4,4,4,4,4,3,4,4,4,4,3,74,ACAP Early Education Services - Caribou Early Education Services - EHS 2,2021-2022
1297's Family,1297,2,4,3,4,4,4,4,5,4,3,4,4,3,4,3,3,3,4,3,3,69,ACAP Early Education Services - Caribou Early Education Services - EHS 2,2021-2022
2022's Family,2022,1,3,5,3,5,3,4,4,3,4,3,5,3,4,3,3,4,4,4,3,70,ACAP Early Education Services - Caribou Early Education Services - EHS 2,2021-2022
2022's Family,2022,2,4,5,3,4,2,3,5,3,5,5,5,4,5,4,4,4,4,5,4,78,ACAP Early Education Services - Caribou Early Education Services - EHS 2,2021-2022
1877's Family,1877,1,4,4,3,5,4,4,5,3,4,4,5,4,3,3,4,4,3,4,3,73,ACAP Early Education Services - Caribou Early Education Services - EHS 2,2021-2022
1877's Family,1877,2,3,4,4,4,3,3,5,3,4,5,4,4,4,4,4,4,4,3,3,72,ACAP Early Education Services - Caribou Early Education Services - EHS 2,2021-2022
2465's Family,2465,1,3,4,3,4,3,4,3,3,4,4,5,4,3,3,4,3,4,4,3,68,ACAP Early Education Services - Caribou Early Education Services - EHS 2,2021-2022
2465's Family,2465,2,3,4,3,4,3,3,5,3,3,4,5,4,4,3,4,4,4,3,3,69,ACAP Early Education Services - Caribou Early Education Services - EHS 2,2021-2022
2064's Family,2064,1,3,4,3,4,1,2,4,3,4,4,5,4,3,3,4,3,3,2,2,61,ACAP Early Education Services - Caribou Early Education Services - Foundational Classroom,2021-2022
2064's Family,2064,2,4,4,3,4,1,3,4,3,4,4,5,3,3,3,3,3,3,3,3,63,ACAP Early Education Services - Caribou Early Education Services - Foundational Classroom,2021-2022
2016's Family,2016,1,4,4,3,4,3,3,3,3,4,3,5,3,3,3,3,3,4,4,3,65,ACAP Early Education Services - Caribou Early Education Services - Full-Day Collab HS (Dur),2021-2022
2016's Family,2016,2,3,2,3,3,1,3,3,3,3,4,5,4,3,4,4,4,3,3,3,61,ACAP Early Education Services - Caribou Early Education Services - Full-Day Collab HS (Dur),2021-2022
1126's Family,1126,1,4,4,3,5,2,3,5,3,4,5,4,5,4,4,5,4,5,4,4,77,ACAP Early Education Services - Caribou Early Education Services - Full-Day Collab HS (Dur),2021-2022
1126's Family,1126,2,4,4,4,3,2,2,4,3,4,4,3,4,4,3,3,4,4,4,4,67,ACAP Early Education Services - Caribou Early Education Services - Full-Day Collab HS (Dur),2021-2022
2383's Family,2383,1,4,4,3,4,3,4,4,3,4,4,4,4,4,4,4,4,4,4,2,71,ACAP Early Education Services - Caribou Early Education Services - Full-Day Collab HS (Dur),2021-2022
2383's Family,2383,2,5,4,4,4,2,4,5,3,5,5,4,4,4,5,4,4,4,4,4,78,ACAP Early Education Services - Caribou Early Education Services - Full-Day Collab HS (Dur),2021-2022
2136's Family,2136,1,4,4,3,4,4,3,4,3,4,4,4,4,4,4,4,4,4,3,3,71,ACAP Early Education Services - Caribou Early Education Services - Full-Day Collab HS (Dur),2021-2022
2136's Family,2136,2,3,4,3,4,4,3,5,3,4,5,5,5,4,4,5,5,4,4,4,78,ACAP Early Education Services - Caribou Early Education Services - Full-Day Collab HS (Dur),2021-2022
1132's Family,1132,1,5,5,3,5,5,4,5,3,5,5,5,5,5,4,5,5,5,4,4,87,ACAP Early Education Services - Caribou Early Education Services - Full-Day Collab HS (Dur),2021-2022
1132's Family,1132,2,5,5,4,5,4,5,5,4,5,5,5,5,4,4,5,5,4,4,4,87,ACAP Early Education Services - Caribou Early Education Services - Full-Day Collab HS (Dur),2021-2022
2371's Family,2371,1,3,4,3,1,2,3,3,3,3,3,3,3,3,3,3,3,3,3,3,55,ACAP Early Education Services - Caribou Early Education Services - Full-Day Collab HS (Dur),2021-2022
2371's Family,2371,2,3,4,3,3,1,3,5,2,3,5,5,3,3,4,3,3,3,3,3,62,ACAP Early Education Services - Caribou Early Education Services - Full-Day Collab HS (Dur),2021-2022
1869's Family,1869,1,3,4,3,4,4,3,4,3,4,4,4,4,4,4,4,4,4,4,3,71,ACAP Early Education Services - Caribou Early Education Services - Full-Day HS (Duration),2021-2022
1869's Family,1869,2,4,4,4,4,4,3,4,3,4,4,5,3,3,4,4,4,4,3,3,71,ACAP Early Education Services - Caribou Early Education Services - Full-Day HS (Duration),2021-2022
2539's Family,2539,1,5,4,5,5,5,5,4,5,4,4,4,4,5,3,4,4,4,4,4,82,ACAP Early Education Services - Caribou Early Education Services - Full-Day HS (Duration),2021-2022
2539's Family,2539,2,5,4,4,5,4,4,5,5,4,5,5,4,5,4,4,4,4,4,4,83,ACAP Early Education Services - Caribou Early Education Services - Full-Day HS (Duration),2021-2022
1127's Family,1127,1,3,4,3,3,1,3,4,3,4,4,5,4,3,3,4,4,3,3,2,63,ACAP Early Education Services - Caribou Early Education Services - Full-Day HS (Duration),2021-2022
1127's Family,1127,2,3,4,3,3,1,3,4,3,4,4,5,4,4,4,4,4,4,4,4,69,ACAP Early Education Services - Caribou Early Education Services - Full-Day HS (Duration),2021-2022
1233's Family,1233,1,3,4,3,4,3,4,4,3,4,5,4,5,3,3,5,4,4,4,3,72,ACAP Early Education Services - Caribou Early Education Services - Full-Day HS (Duration),2021-2022
1233's Family,1233,2,4,4,3,4,3,4,4,3,3,4,3,4,3,4,4,4,4,4,3,69,ACAP Early Education Services - Caribou Early Education Services - Full-Day HS (Duration),2021-2022
2383's Family,2383,1,4,4,3,4,3,4,4,3,4,4,4,4,4,4,4,4,4,4,2,71,ACAP Early Education Services - Caribou Early Education Services - Full-Day HS (Duration),2021-2022
2383's Family,2383,2,5,4,4,4,2,4,5,3,5,5,4,4,4,5,4,4,4,4,4,78,ACAP Early Education Services - Caribou Early Education Services - Full-Day HS (Duration),2021-2022
2369's Family,2369,1,3,4,3,2,2,3,3,3,4,4,5,4,3,3,4,3,4,4,3,64,ACAP Early Education Services - Caribou Early Education Services - Full-Day HS (Duration),2021-2022
2369's Family,2369,2,4,4,3,1,3,3,5,3,3,3,5,3,3,3,4,4,4,3,2,63,ACAP Early Education Services - Caribou Early Education Services - Full-Day HS (Duration),2021-2022
2560's Family,2560,1,3,3,3,3,2,2,4,3,3,3,3,3,2,3,3,4,4,2,2,55,ACAP Early Education Services - Caribou Early Education Services - Full-Day HS (Duration),2021-2022
2560's Family,2560,2,3,3,3,2,1,1,2,1,2,2,2,2,3,2,2,1,2,2,1,37,ACAP Early Education Services - Caribou Early Education Services - Full-Day HS (Duration),2021-2022
2673's Family,2673,1,3,3,3,3,3,3,5,2,4,4,4,4,5,3,4,4,4,3,4,68,ACAP Early Education Services - Caribou Early Education Services - Full-Day HS (Duration),2021-2022
2673's Family,2673,2,3,3,4,4,4,4,4,3,4,4,4,4,5,4,4,4,4,3,3,72,ACAP Early Education Services - Caribou Early Education Services - Full-Day HS (Duration),2021-2022
2636's Family,2636,1,5,3,3,4,1,1,5,1,4,5,4,4,3,4,4,4,3,4,3,65,ACAP Early Education Services - Caribou Early Education Services - Full-Day HS (Duration),2021-2022
2636's Family,2636,2,5,3,3,4,1,1,5,1,4,5,4,4,3,4,4,4,3,4,3,65,ACAP Early Education Services - Caribou Early Education Services - Full-Day HS (Duration),2021-2022
1014's Family,1014,1,5,4,3,4,3,4,4,4,4,4,4,4,3,3,4,4,4,4,2,71,ACAP Early Education Services - Caribou Early Education Services - Full-Day HS (Duration),2021-2022
1014's Family,1014,2,4,4,3,4,4,4,5,4,4,4,5,4,4,3,3,3,4,5,4,75,ACAP Early Education Services - Caribou Early Education Services - Full-Day HS (Duration),2021-2022
2539's Family,2539,1,5,4,5,5,5,5,4,5,4,4,4,4,5,3,4,4,4,4,4,82,ACAP Early Education Services - Caribou Early Education Services - I/T CHILD CARE,2021-2022
2539's Family,2539,2,5,4,4,5,4,4,5,5,4,5,5,4,5,4,4,4,4,4,4,83,ACAP Early Education Services - Caribou Early Education Services - I/T CHILD CARE,2021-2022
1233's Family,1233,1,3,4,3,4,3,4,4,3,4,5,4,5,3,3,5,4,4,4,3,72,ACAP Early Education Services - Caribou Early Education Services - I/T CHILD CARE,2021-2022
1233's Family,1233,2,4,4,3,4,3,4,4,3,3,4,3,4,3,4,4,4,4,4,3,69,ACAP Early Education Services - Caribou Early Education Services - I/T CHILD CARE,2021-2022
2662's Family,2662,1,2,3,3,4,4,3,4,2,3,3,4,4,3,4,3,3,3,3,3,61,ACAP Early Education Services - Caribou Early Education Services - I/T CHILD CARE,2021-2022
2662's Family,2662,2,3,3,3,4,1,3,3,3,4,4,5,4,4,4,4,3,4,3,3,65,ACAP Early Education Services - Caribou Early Education Services - I/T CHILD CARE,2021-2022
2465's Family,2465,1,3,4,3,4,3,4,3,3,4,4,5,4,3,3,4,3,4,4,3,68,ACAP Early Education Services - Caribou Early Education Services - I/T CHILD CARE,2021-2022
2465's Family,2465,2,3,4,3,4,3,3,5,3,3,4,5,4,4,3,4,4,4,3,3,69,ACAP Early Education Services - Caribou Early Education Services - I/T CHILD CARE,2021-2022
2465's Family,2465,1,3,4,3,4,3,4,3,3,4,4,5,4,3,3,4,3,4,4,3,68,ACAP Early Education Services - Caribou Early Education Services - PS CHILD CARE,2021-2022
2465's Family,2465,2,3,4,3,4,3,3,5,3,3,4,5,4,4,3,4,4,4,3,3,69,ACAP Early Education Services - Caribou Early Education Services - PS CHILD CARE,2021-2022
2530's Family,2530,1,5,5,3,5,5,5,4,5,4,4,4,4,5,3,4,5,4,4,3,81,ACAP Early Education Services - Caribou Early Education Services - PS CHILD CARE,2021-2022
2530's Family,2530,2,5,4,4,5,4,5,5,5,5,5,5,5,5,4,5,5,5,5,4,90,ACAP Early Education Services - Caribou Early Education Services - PS CHILD CARE,2021-2022
1126's Family,1126,1,4,4,3,5,2,3,5,3,4,5,4,5,4,4,5,4,5,4,4,77,ACAP Early Education Services - Caribou Early Education Services - PS CHILD CARE,2021-2022
1126's Family,1126,2,4,4,4,3,2,2,4,3,4,4,3,4,4,3,3,4,4,4,4,67,ACAP Early Education Services - Caribou Early Education Services - PS CHILD CARE,2021-2022
2383's Family,2383,1,4,4,3,4,3,4,4,3,4,4,4,4,4,4,4,4,4,4,2,71,ACAP Early Education Services - Caribou Early Education Services - PS CHILD CARE,2021-2022
2383's Family,2383,2,5,4,4,4,2,4,5,3,5,5,4,4,4,5,4,4,4,4,4,78,ACAP Early Education Services - Caribou Early Education Services - PS CHILD CARE,2021-2022
1127's Family,1127,1,3,4,3,3,1,3,4,3,4,4,5,4,3,3,4,4,3,3,2,63,ACAP Early Education Services - Caribou Early Education Services - PS CHILD CARE,2021-2022
1127's Family,1127,2,3,4,3,3,1,3,4,3,4,4,5,4,4,4,4,4,4,4,4,69,ACAP Early Education Services - Caribou Early Education Services - PS CHILD CARE,2021-2022
2498's Family,2498,1,3,4,4,4,3,3,4,3,3,4,4,4,3,4,4,4,3,3,4,68,ACAP Early Education Services - Caribou Early Education Services - PS CHILD CARE,2021-2022
2498's Family,2498,2,3,4,3,4,2,3,4,3,3,5,4,4,3,4,4,4,3,3,4,67,ACAP Early Education Services - Caribou Early Education Services - PS CHILD CARE,2021-2022
1233's Family,1233,1,3,4,3,4,3,4,4,3,4,5,4,5,3,3,5,4,4,4,3,72,ACAP Early Education Services - Caribou Early Education Services - PS CHILD CARE,2021-2022
1233's Family,1233,2,4,4,3,4,3,4,4,3,3,4,3,4,3,4,4,4,4,4,3,69,ACAP Early Education Services - Caribou Early Education Services - PS CHILD CARE,2021-2022
1132's Family,1132,1,5,5,3,5,5,4,5,3,5,5,5,5,5,4,5,5,5,4,4,87,ACAP Early Education Services - Caribou Early Education Services - PS CHILD CARE,2021-2022
1132's Family,1132,2,5,5,4,5,4,5,5,4,5,5,5,5,4,4,5,5,4,4,4,87,ACAP Early Education Services - Caribou Early Education Services - PS CHILD CARE,2021-2022
2369's Family,2369,1,3,4,3,2,2,3,3,3,4,4,5,4,3,3,4,3,4,4,3,64,ACAP Early Education Services - Caribou Early Education Services - PS CHILD CARE,2021-2022
2369's Family,2369,2,4,4,3,1,3,3,5,3,3,3,5,3,3,3,4,4,4,3,2,63,ACAP Early Education Services - Caribou Early Education Services - PS CHILD CARE,2021-2022
2291's Family,2291,1,4,4,3,4,4,4,5,3,4,3,5,3,4,3,4,4,4,4,3,72,ACAP Early Education Services - Caribou Early Education Services - PS CHILD CARE,2021-2022
2291's Family,2291,2,3,4,3,5,4,4,5,3,4,4,5,4,4,4,4,4,4,3,3,74,ACAP Early Education Services - Caribou Early Education Services - PS CHILD CARE,2021-2022
1116's Family,1116,1,4,5,4,4,5,3,5,3,5,5,4,3,4,1,5,4,5,4,3,76,ACAP Early Education Services - Dyer Brook Early Education Servi - Full-Day HS/Partnership,2021-2022
1116's Family,1116,2,2,5,4,4,1,2,5,3,5,5,4,4,3,2,5,4,5,2,3,68,ACAP Early Education Services - Dyer Brook Early Education Servi - Full-Day HS/Partnership,2021-2022
1517's Family,1517,1,4,4,3,4,4,4,5,3,4,4,2,4,4,4,4,4,4,4,4,73,ACAP Early Education Services - Dyer Brook Early Education Servi - Full-Day HS/Partnership,2021-2022
1517's Family,1517,2,5,5,4,5,4,3,5,3,4,5,4,4,4,3,5,3,5,3,3,77,ACAP Early Education Services - Dyer Brook Early Education Servi - Full-Day HS/Partnership,2021-2022
2587's Family,2587,1,5,5,5,5,4,4,5,5,5,5,5,5,3,5,5,4,5,4,3,87,ACAP Early Education Services - Dyer Brook Early Education Servi - Full-Day HS/Partnership,2021-2022
2587's Family,2587,2,5,5,5,5,4,3,5,3,5,5,5,5,3,4,5,4,5,4,3,83,ACAP Early Education Services - Dyer Brook Early Education Servi - Full-Day HS/Partnership,2021-2022
1845's Family,1845,1,5,4,5,5,4,5,5,5,5,5,5,5,5,2,5,5,5,5,5,90,ACAP Early Education Services - Dyer Brook Early Education Servi - Full-Day HS/Partnership,2021-2022
1845's Family,1845,2,5,4,5,5,5,5,5,5,5,5,5,5,5,5,5,5,5,5,3,92,ACAP Early Education Services - Dyer Brook Early Education Servi - Full-Day HS/Partnership,2021-2022
1120's Family,1120,1,5,5,5,5,4,5,5,5,4,5,3,4,3,4,5,4,5,5,3,84,ACAP Early Education Services - Dyer Brook Early Education Servi - Full-Day HS/Partnership,2021-2022
1120's Family,1120,2,5,5,3,5,4,5,5,5,4,5,3,4,3,4,5,4,5,5,3,82,ACAP Early Education Services - Dyer Brook Early Education Servi - Full-Day HS/Partnership,2021-2022
2341's Family,2341,1,5,4,5,5,1,3,5,3,4,4,4,4,2,4,4,4,4,4,3,72,ACAP Early Education Services - Dyer Brook Early Education Servi - Full-Day HS/Partnership,2021-2022
2341's Family,2341,2,5,4,4,5,4,4,5,4,4,5,5,3,2,4,5,5,5,4,3,80,ACAP Early Education Services - Dyer Brook Early Education Servi - Full-Day HS/Partnership,2021-2022
2442's Family,2442,1,5,5,4,5,3,4,5,3,4,5,3,3,4,3,5,5,5,5,3,79,ACAP Early Education Services - Dyer Brook Early Education Servi - Full-Day HS/Partnership,2021-2022
2442's Family,2442,2,5,5,3,5,4,4,5,3,4,5,3,4,3,3,5,5,5,4,3,78,ACAP Early Education Services - Dyer Brook Early Education Servi - Full-Day HS/Partnership,2021-2022
2433's Family,2433,1,5,5,5,5,5,5,5,5,5,5,5,3,5,3,5,5,5,4,3,88,ACAP Early Education Services - Dyer Brook Early Education Servi - Full-Day HS/Partnership,2021-2022
2433's Family,2433,2,5,5,5,5,5,5,5,5,5,5,5,4,5,3,5,5,5,4,3,89,ACAP Early Education Services - Dyer Brook Early Education Servi - Full-Day HS/Partnership,2021-2022
2523's Family,2523,1,4,5,3,4,4,3,5,3,5,5,4,4,4,2,5,4,5,5,3,77,ACAP Early Education Services - Dyer Brook Early Education Servi - Full-Day HS/Partnership,2021-2022
2523's Family,2523,2,4,5,3,4,4,3,5,3,5,5,4,4,4,2,5,4,5,5,3,77,ACAP Early Education Services - Dyer Brook Early Education Servi - Full-Day HS/Partnership,2021-2022
2555's Family,2555,1,5,4,4,4,4,3,5,3,5,5,4,5,5,3,5,5,5,5,5,84,ACAP Early Education Services - Dyer Brook Early Education Servi - Full-Day HS/Partnership,2021-2022
2555's Family,2555,2,5,4,4,4,4,4,5,3,5,5,4,5,5,3,5,5,5,5,3,83,ACAP Early Education Services - Dyer Brook Early Education Servi - Full-Day HS/Partnership,2021-2022
1159's Family,1159,1,5,5,5,5,5,5,5,5,5,5,4,4,5,3,5,5,5,4,4,89,ACAP Early Education Services - Dyer Brook Early Education Servi - Full-Day HS/Partnership,2021-2022
1159's Family,1159,2,5,5,5,4,5,5,5,5,5,5,4,4,5,3,5,5,5,4,4,88,ACAP Early Education Services - Dyer Brook Early Education Servi - Full-Day HS/Partnership,2021-2022
2384's Family,2384,1,2,3,3,3,1,1,3,3,3,4,3,3,2,3,3,2,3,2,3,50,ACAP Early Education Services - Early Head Start Home Base - Central HB,2021-2022
2384's Family,2384,2,3,4,3,4,3,3,5,2,3,5,5,3,4,3,4,3,3,2,3,65,ACAP Early Education Services - Early Head Start Home Base - Central HB,2021-2022
1926's Family,1926,1,4,4,4,5,1,3,5,3,4,4,4,4,4,4,4,4,4,4,3,72,ACAP Early Education Services - Early Head Start Home Base - Central HB,2021-2022
1926's Family,1926,2,4,4,3,5,4,3,5,3,4,4,4,4,4,4,4,4,4,4,3,74,ACAP Early Education Services - Early Head Start Home Base - Central HB,2021-2022
2441's Family,2441,1,5,3,3,4,4,3,4,3,4,4,4,4,5,4,3,4,3,3,3,70,ACAP Early Education Services - Early Head Start Home Base - Central HB,2021-2022
2441's Family,2441,2,5,5,3,5,5,5,5,3,4,4,4,3,5,3,4,4,3,3,4,77,ACAP Early Education Services - Early Head Start Home Base - Central HB,2021-2022
2470's Family,2470,1,2,5,3,4,1,1,4,1,3,3,5,1,1,3,2,3,3,4,3,52,ACAP Early Education Services - Early Head Start Home Base - Central HB,2021-2022
2470's Family,2470,2,5,5,3,4,3,3,5,1,4,4,3,2,3,3,3,4,4,4,3,66,ACAP Early Education Services - Early Head Start Home Base - Central HB,2021-2022
2359's Family,2359,1,3,4,3,5,1,2,3,3,3,3,3,4,3,4,4,4,3,3,3,61,ACAP Early Education Services - Early Head Start Home Base - Central HB,2021-2022
2359's Family,2359,2,1,3,3,3,1,3,4,3,3,3,2,2,3,3,3,3,3,3,3,52,ACAP Early Education Services - Early Head Start Home Base - Central HB,2021-2022
2479's Family,2479,1,3,4,3,5,3,3,4,3,5,4,3,5,5,5,5,4,5,4,5,78,ACAP Early Education Services - Early Head Start Home Base - Central HB,2021-2022
2479's Family,2479,2,4,4,5,5,5,5,5,4,4,4,5,4,5,4,4,4,4,4,3,82,ACAP Early Education Services - Early Head Start Home Base - Central HB,2021-2022
2347's Family,2347,1,5,5,5,5,5,5,5,5,5,5,4,5,5,5,5,5,4,5,5,93,ACAP Early Education Services - Early Head Start Home Base - Central HB,2021-2022
2347's Family,2347,2,5,5,5,5,5,5,5,5,5,5,5,5,5,5,5,5,5,4,5,94,ACAP Early Education Services - Early Head Start Home Base - Central HB,2021-2022
2488's Family,2488,1,2,3,3,4,3,3,4,1,3,3,2,2,3,2,3,3,2,3,2,51,ACAP Early Education Services - Early Head Start Home Base - Central HB,2021-2022
2488's Family,2488,2,3,3,3,4,3,3,4,2,3,3,3,3,3,2,3,3,3,3,2,56,ACAP Early Education Services - Early Head Start Home Base - Central HB,2021-2022
1744's Family,1744,1,3,4,3,2,3,4,4,2,4,4,2,4,3,3,3,3,4,3,3,61,ACAP Early Education Services - Fort Kent Early Education Servic - Collaboration HS-partners,2021-2022
1744's Family,1744,2,3,4,3,3,4,4,4,3,4,4,5,5,3,4,4,4,4,3,3,71,ACAP Early Education Services - Fort Kent Early Education Servic - Collaboration HS-partners,2021-2022
1408's Family,1408,1,3,4,3,4,2,3,4,3,3,4,4,3,4,3,3,3,3,3,3,62,ACAP Early Education Services - Fort Kent Early Education Servic - Collaboration HS-partners,2021-2022
1408's Family,1408,2,4,4,3,4,4,4,4,3,4,4,5,4,4,5,4,4,4,4,3,75,ACAP Early Education Services - Fort Kent Early Education Servic - Collaboration HS-partners,2021-2022
2330's Family,2330,1,4,4,3,2,2,3,2,2,3,3,3,3,3,2,3,3,3,3,3,54,ACAP Early Education Services - Fort Kent Early Education Servic - Collaboration HS-partners,2021-2022
2330's Family,2330,2,3,4,3,2,1,3,4,3,4,4,3,4,3,4,3,3,4,3,3,61,ACAP Early Education Services - Fort Kent Early Education Servic - Collaboration HS-partners,2021-2022
2367's Family,2367,1,3,4,4,3,2,3,4,3,4,4,4,3,4,4,3,3,4,4,3,66,ACAP Early Education Services - Fort Kent Early Education Servic - Collaboration HS-partners,2021-2022
2367's Family,2367,2,3,4,4,5,3,4,4,4,4,4,4,3,3,4,4,4,4,4,4,73,ACAP Early Education Services - Fort Kent Early Education Servic - Collaboration HS-partners,2021-2022
2347's Family,2347,1,5,5,5,5,5,5,5,5,5,5,4,5,5,5,5,5,4,5,5,93,ACAP Early Education Services - Fort Kent Early Education Servic - Collaboration HS-partners,2021-2022
2347's Family,2347,2,5,5,5,5,5,5,5,5,5,5,5,5,5,5,5,5,5,4,5,94,ACAP Early Education Services - Fort Kent Early Education Servic - Collaboration HS-partners,2021-2022
2334's Family,2334,1,5,4,5,4,4,5,5,4,4,5,5,4,3,4,5,4,4,5,3,82,ACAP Early Education Services - Fort Kent Early Education Servic - Collaboration HS-partners,2021-2022
2334's Family,2334,2,5,5,5,5,4,5,5,5,5,4,5,4,4,4,5,5,5,5,3,88,ACAP Early Education Services - Fort Kent Early Education Servic - Collaboration HS-partners,2021-2022
2441's Family,2441,1,5,3,3,4,4,3,4,3,4,4,4,4,5,4,3,4,3,3,3,70,ACAP Early Education Services - Fort Kent Early Education Servic - Collaboration HS-partners,2021-2022
2441's Family,2441,2,5,5,3,5,5,5,5,3,4,4,4,3,5,3,4,4,3,3,4,77,ACAP Early Education Services - Fort Kent Early Education Servic - Collaboration HS-partners,2021-2022
2348's Family,2348,1,4,3,3,5,4,4,4,3,4,5,5,4,3,4,4,4,3,5,4,75,ACAP Early Education Services - Fort Kent Early Education Servic - Collaboration HS-partners,2021-2022
2348's Family,2348,2,5,5,5,5,4,5,5,3,5,5,4,5,4,5,5,4,5,5,5,89,ACAP Early Education Services - Fort Kent Early Education Servic - Collaboration HS-partners,2021-2022
2576's Family,2576,1,5,3,5,5,4,4,5,4,5,5,5,5,4,3,4,5,5,5,4,85,ACAP Early Education Services - Fort Kent Early Education Servic - Collaboration HS-partners,2021-2022
2576's Family,2576,2,5,4,5,5,5,5,5,5,5,5,5,5,5,5,4,4,5,4,5,91,ACAP Early Education Services - Fort Kent Early Education Servic - Collaboration HS-partners,2021-2022
2527's Family,2527,1,2,3,3,3,2,3,4,3,4,5,3,3,3,2,5,3,4,3,3,61,ACAP Early Education Services - Fort Kent Early Education Servic - Collaboration HS-partners,2021-2022
2527's Family,2527,2,3,5,3,4,2,4,5,3,4,4,4,4,4,4,4,4,4,3,3,71,ACAP Early Education Services - Fort Kent Early Education Servic - Collaboration HS-partners,2021-2022
1926's Family,1926,1,4,4,4,5,1,3,5,3,4,4,4,4,4,4,4,4,4,4,3,72,ACAP Early Education Services - Gouldville Early Education Servi - AM Collaboration,2021-2022
1926's Family,1926,2,4,4,3,5,4,3,5,3,4,4,4,4,4,4,4,4,4,4,3,74,ACAP Early Education Services - Gouldville Early Education Servi - AM Collaboration,2021-2022
1816's Family,1816,1,3,3,3,3,1,3,4,3,3,3,4,3,4,3,4,3,4,2,3,59,ACAP Early Education Services - Gouldville Early Education Servi - AM Collaboration,2021-2022
1816's Family,1816,2,3,3,3,3,1,3,4,3,3,3,4,3,4,3,4,3,4,2,3,59,ACAP Early Education Services - Gouldville Early Education Servi - AM Collaboration,2021-2022
1328's Family,1328,1,5,4,3,5,4,4,4,3,4,4,3,4,3,4,4,4,4,5,3,74,ACAP Early Education Services - Gouldville Early Education Servi - AM Collaboration,2021-2022
1328's Family,1328,2,5,4,3,5,4,4,4,3,4,4,3,4,4,4,4,4,4,5,3,75,ACAP Early Education Services - Gouldville Early Education Servi - AM Collaboration,2021-2022
2466's Family,2466,1,4,3,3,2,1,3,4,3,3,4,3,3,3,3,4,3,3,3,3,58,ACAP Early Education Services - Gouldville Early Education Servi - Collaboration HS Full-Day,2021-2022
2466's Family,2466,2,4,3,3,2,1,3,4,3,3,3,3,3,2,3,4,3,3,3,3,56,ACAP Early Education Services - Gouldville Early Education Servi - Collaboration HS Full-Day,2021-2022
2144's Family,2144,1,3,4,3,4,4,3,4,3,3,3,4,4,4,4,4,4,3,3,3,67,ACAP Early Education Services - Gouldville Early Education Servi - Collaboration HS Full-Day,2021-2022
2144's Family,2144,2,4,4,3,4,4,3,4,3,3,3,4,4,4,4,4,4,3,3,3,68,ACAP Early Education Services - Gouldville Early Education Servi - Collaboration HS Full-Day,2021-2022
2374's Family,2374,1,5,5,4,5,5,4,5,4,4,4,3,4,5,3,4,4,4,4,3,79,ACAP Early Education Services - Gouldville Early Education Servi - Collaboration HS Full-Day,2021-2022
2374's Family,2374,2,5,5,5,5,4,5,5,4,4,4,4,4,5,3,4,4,4,4,3,81,ACAP Early Education Services - Gouldville Early Education Servi - Collaboration HS Full-Day,2021-2022
2375's Family,2375,1,4,3,3,4,4,4,4,3,3,3,4,2,3,2,2,3,2,2,2,57,ACAP Early Education Services - Gouldville Early Education Servi - Collaboration HS Full-Day,2021-2022
2375's Family,2375,2,3,3,3,4,1,4,2,3,2,3,4,2,3,2,2,3,2,2,2,50,ACAP Early Education Services - Gouldville Early Education Servi - Collaboration HS Full-Day,2021-2022
1984's Family,1984,1,4,3,3,4,3,3,3,3,3,3,5,2,3,2,3,3,3,2,2,57,ACAP Early Education Services - Gouldville Early Education Servi - Collaboration HS Full-Day,2021-2022
1984's Family,1984,2,4,3,3,4,3,4,3,3,3,3,5,3,4,3,3,3,3,2,2,61,ACAP Early Education Services - Gouldville Early Education Servi - Collaboration HS Full-Day,2021-2022
2142's Family,2142,1,4,4,4,4,4,4,4,4,4,4,4,4,4,4,4,4,4,4,4,76,ACAP Early Education Services - Gouldville Early Education Servi - Collaboration HS Full-Day,2021-2022
2142's Family,2142,2,3,3,3,4,3,3,4,3,3,4,5,4,4,4,4,3,4,3,4,68,ACAP Early Education Services - Gouldville Early Education Servi - Collaboration HS Full-Day,2021-2022
1514's Family,1514,1,3,3,3,4,3,3,4,3,4,3,4,2,2,2,3,3,4,3,3,59,ACAP Early Education Services - Gouldville Early Education Servi - Collaboration HS Full-Day,2021-2022
1514's Family,1514,2,3,3,3,4,3,3,4,3,4,3,4,3,2,2,3,4,4,4,3,62,ACAP Early Education Services - Gouldville Early Education Servi - Collaboration HS Full-Day,2021-2022
2045's Family,2045,1,3,3,3,2,1,3,3,2,2,2,3,2,3,2,2,2,1,2,1,42,ACAP Early Education Services - Gouldville Early Education Servi - Collaboration HS Full-Day,2021-2022
2045's Family,2045,2,1,3,3,2,1,3,2,2,2,2,3,2,2,2,2,2,1,2,1,38,ACAP Early Education Services - Gouldville Early Education Servi - Collaboration HS Full-Day,2021-2022
2141's Family,2141,1,4,4,4,4,4,4,4,3,4,5,3,4,3,3,4,4,4,4,2,71,ACAP Early Education Services - Gouldville Early Education Servi - Collaboration HS Full-Day,2021-2022
2141's Family,2141,2,3,4,3,3,2,3,4,3,4,4,4,4,3,3,4,4,4,2,2,63,ACAP Early Education Services - Gouldville Early Education Servi - Collaboration HS Full-Day,2021-2022
2349's Family,2349,1,3,3,3,4,3,3,4,3,3,4,3,4,4,3,4,4,4,4,4,67,ACAP Early Education Services - Gouldville Early Education Servi - Collaboration HS Full-Day,2021-2022
2349's Family,2349,2,3,3,3,4,3,3,4,3,4,4,4,4,4,3,4,4,4,4,4,69,ACAP Early Education Services - Gouldville Early Education Servi - Collaboration HS Full-Day,2021-2022
2521's Family,2521,1,3,3,3,3,2,3,3,3,4,4,4,4,3,3,4,3,4,3,3,62,ACAP Early Education Services - Gouldville Early Education Servi - Collaboration HS Full-Day,2021-2022
2521's Family,2521,2,4,3,3,2,3,4,4,3,4,4,4,4,3,4,4,4,4,4,4,69,ACAP Early Education Services - Gouldville Early Education Servi - Collaboration HS Full-Day,2021-2022
2516's Family,2516,1,3,3,3,4,3,3,4,3,4,4,5,4,4,2,4,3,4,3,3,66,ACAP Early Education Services - Gouldville Early Education Servi - Collaboration HS Full-Day,2021-2022
2516's Family,2516,2,3,3,3,4,3,3,4,3,4,4,5,5,4,4,5,4,4,4,4,73,ACAP Early Education Services - Gouldville Early Education Servi - Collaboration HS Full-Day,2021-2022
2141's Family,2141,1,4,4,4,4,4,4,4,3,4,5,3,4,3,3,4,4,4,4,2,71,ACAP Early Education Services - Gouldville Early Education Servi - EHS,2021-2022
2141's Family,2141,2,3,4,3,3,2,3,4,3,4,4,4,4,3,3,4,4,4,2,2,63,ACAP Early Education Services - Gouldville Early Education Servi - EHS,2021-2022
2374's Family,2374,1,5,5,4,5,5,4,5,4,4,4,3,4,5,3,4,4,4,4,3,79,ACAP Early Education Services - Gouldville Early Education Servi - EHS,2021-2022
2374's Family,2374,2,5,5,5,5,4,5,5,4,4,4,4,4,5,3,4,4,4,4,3,81,ACAP Early Education Services - Gouldville Early Education Servi - EHS,2021-2022
2490's Family,2490,1,3,3,3,1,1,2,3,3,3,3,4,2,2,2,3,3,2,2,2,47,ACAP Early Education Services - Gouldville Early Education Servi - EHS,2021-2022
2490's Family,2490,2,3,3,3,3,3,3,4,3,3,3,4,3,3,3,3,3,3,3,3,59,ACAP Early Education Services - Gouldville Early Education Servi - EHS,2021-2022
1936's Family,1936,1,3,3,3,3,3,3,4,3,3,3,2,3,3,3,3,3,3,3,3,57,ACAP Early Education Services - Gouldville Early Education Servi - EHS,2021-2022
1936's Family,1936,2,2,3,3,2,1,3,3,3,3,3,2,3,3,3,3,2,3,3,3,51,ACAP Early Education Services - Gouldville Early Education Servi - EHS,2021-2022
2142's Family,2142,1,4,4,4,4,4,4,4,4,4,4,4,4,4,4,4,4,4,4,4,76,ACAP Early Education Services - Gouldville Early Education Servi - EHS,2021-2022
2142's Family,2142,2,3,3,3,4,3,3,4,3,3,4,5,4,4,4,4,3,4,3,4,68,ACAP Early Education Services - Gouldville Early Education Servi - EHS,2021-2022
2349's Family,2349,1,3,3,3,4,3,3,4,3,3,4,3,4,4,3,4,4,4,4,4,67,ACAP Early Education Services - Gouldville Early Education Servi - EHS,2021-2022
2349's Family,2349,2,3,3,3,4,3,3,4,3,4,4,4,4,4,3,4,4,4,4,4,69,ACAP Early Education Services - Gouldville Early Education Servi - EHS,2021-2022
2311's Family,2311,1,4,4,4,4,3,3,5,3,4,4,4,3,3,3,3,3,4,2,2,65,ACAP Early Education Services - Gouldville Early Education Servi - EHS,2021-2022
2311's Family,2311,2,4,4,4,4,4,3,5,3,4,4,4,3,3,3,3,3,4,2,2,66,ACAP Early Education Services - Gouldville Early Education Servi - EHS,2021-2022
2505's Family,2505,1,2,2,3,3,3,3,4,3,4,4,5,3,4,4,3,3,3,3,3,62,ACAP Early Education Services - Gouldville Early Education Servi - EHS,2021-2022
2505's Family,2505,2,2,3,3,3,4,3,4,3,4,4,5,3,4,4,3,4,4,3,3,66,ACAP Early Education Services - Gouldville Early Education Servi - EHS,2021-2022
1422's Family,1422,1,3,4,3,4,3,4,4,3,4,3,4,4,2,3,3,3,4,3,3,64,ACAP Early Education Services - Gouldville Early Education Servi - EHS 1,2021-2022
1422's Family,1422,2,3,4,3,4,3,4,4,3,4,3,4,4,2,3,3,3,4,3,3,64,ACAP Early Education Services - Gouldville Early Education Servi - EHS 1,2021-2022
1410's Family,1410,1,3,4,3,4,4,3,4,3,4,4,5,5,5,4,5,4,4,4,4,76,ACAP Early Education Services - Gouldville Early Education Servi - EHS 1,2021-2022
1410's Family,1410,2,3,4,3,4,4,3,4,3,4,4,5,5,5,4,5,4,4,4,4,76,ACAP Early Education Services - Gouldville Early Education Servi - EHS 1,2021-2022
1882's Family,1882,1,5,4,3,4,4,4,4,3,4,4,4,4,3,3,4,4,4,3,3,71,ACAP Early Education Services - Gouldville Early Education Servi - EHS 1,2021-2022
1882's Family,1882,2,5,4,3,4,4,4,4,3,4,4,4,4,3,3,4,4,4,3,3,71,ACAP Early Education Services - Gouldville Early Education Servi - EHS 1,2021-2022
2311's Family,2311,1,4,4,4,4,3,3,5,3,4,4,4,3,3,3,3,3,4,2,2,65,ACAP Early Education Services - Gouldville Early Education Servi - EHS 2,2021-2022
2311's Family,2311,2,4,4,4,4,4,3,5,3,4,4,4,3,3,3,3,3,4,2,2,66,ACAP Early Education Services - Gouldville Early Education Servi - EHS 2,2021-2022
1990's Family,1990,1,3,3,3,2,2,3,4,3,4,4,3,3,3,3,4,3,4,4,3,61,ACAP Early Education Services - Gouldville Early Education Servi - EHS 2,2021-2022
1990's Family,1990,2,3,3,3,2,2,3,4,3,4,4,3,3,3,3,4,3,4,4,3,61,ACAP Early Education Services - Gouldville Early Education Servi - EHS 2,2021-2022
2521's Family,2521,1,3,3,3,3,2,3,3,3,4,4,4,4,3,3,4,3,4,3,3,62,ACAP Early Education Services - Gouldville Early Education Servi - Infant Child Care,2021-2022
2521's Family,2521,2,4,3,3,2,3,4,4,3,4,4,4,4,3,4,4,4,4,4,4,69,ACAP Early Education Services - Gouldville Early Education Servi - Infant Child Care,2021-2022
1936's Family,1936,1,3,3,3,3,3,3,4,3,3,3,2,3,3,3,3,3,3,3,3,57,ACAP Early Education Services - Gouldville Early Education Servi - Infant Child Care,2021-2022
1936's Family,1936,2,2,3,3,2,1,3,3,3,3,3,2,3,3,3,3,2,3,3,3,51,ACAP Early Education Services - Gouldville Early Education Servi - Infant Child Care,2021-2022
2488's Family,2488,1,2,3,3,4,3,3,4,1,3,3,2,2,3,2,3,3,2,3,2,51,ACAP Early Education Services - Gouldville Early Education Servi - Infant Child Care,2021-2022
2488's Family,2488,2,3,3,3,4,3,3,4,2,3,3,3,3,3,2,3,3,3,3,2,56,ACAP Early Education Services - Gouldville Early Education Servi - Infant Child Care,2021-2022
2349's Family,2349,1,3,3,3,4,3,3,4,3,3,4,3,4,4,3,4,4,4,4,4,67,ACAP Early Education Services - Gouldville Early Education Servi - Infant Child Care,2021-2022
2349's Family,2349,2,3,3,3,4,3,3,4,3,4,4,4,4,4,3,4,4,4,4,4,69,ACAP Early Education Services - Gouldville Early Education Servi - Infant Child Care,2021-2022
2505's Family,2505,1,2,2,3,3,3,3,4,3,4,4,5,3,4,4,3,3,3,3,3,62,ACAP Early Education Services - Gouldville Early Education Servi - Infant Child Care,2021-2022
2505's Family,2505,2,2,3,3,3,4,3,4,3,4,4,5,3,4,4,3,4,4,3,3,66,ACAP Early Education Services - Gouldville Early Education Servi - Infant Child Care,2021-2022
2141's Family,2141,1,4,4,4,4,4,4,4,3,4,5,3,4,3,3,4,4,4,4,2,71,ACAP Early Education Services - Gouldville Early Education Servi - Preschool 1 Child Care,2021-2022
2141's Family,2141,2,3,4,3,3,2,3,4,3,4,4,4,4,3,3,4,4,4,2,2,63,ACAP Early Education Services - Gouldville Early Education Servi - Preschool 1 Child Care,2021-2022
2374's Family,2374,1,5,5,4,5,5,4,5,4,4,4,3,4,5,3,4,4,4,4,3,79,ACAP Early Education Services - Gouldville Early Education Servi - Preschool 1 Child Care,2021-2022
2374's Family,2374,2,5,5,5,5,4,5,5,4,4,4,4,4,5,3,4,4,4,4,3,81,ACAP Early Education Services - Gouldville Early Education Servi - Preschool 1 Child Care,2021-2022
1882's Family,1882,1,5,4,3,4,4,4,4,3,4,4,4,4,3,3,4,4,4,3,3,71,ACAP Early Education Services - Gouldville Early Education Servi - Preschool 1 Child Care,2021-2022
1882's Family,1882,2,5,4,3,4,4,4,4,3,4,4,4,4,3,3,4,4,4,3,3,71,ACAP Early Education Services - Gouldville Early Education Servi - Preschool 1 Child Care,2021-2022
2388's Family,2388,1,4,4,4,5,4,4,5,3,5,5,5,4,5,3,5,4,4,3,4,80,ACAP Early Education Services - Gouldville Early Education Servi - Preschool 1 Child Care,2021-2022
2388's Family,2388,2,4,4,4,5,4,4,4,3,5,5,5,4,5,3,5,4,4,3,4,79,ACAP Early Education Services - Gouldville Early Education Servi - Preschool 1 Child Care,2021-2022
2142's Family,2142,1,4,4,4,4,4,4,4,4,4,4,4,4,4,4,4,4,4,4,4,76,ACAP Early Education Services - Gouldville Early Education Servi - Preschool 2 Child Care,2021-2022
2142's Family,2142,2,3,3,3,4,3,3,4,3,3,4,5,4,4,4,4,3,4,3,4,68,ACAP Early Education Services - Gouldville Early Education Servi - Preschool 2 Child Care,2021-2022
2045's Family,2045,1,3,3,3,2,1,3,3,2,2,2,3,2,3,2,2,2,1,2,1,42,ACAP Early Education Services - Gouldville Early Education Servi - Preschool 2 Child Care,2021-2022
2045's Family,2045,2,1,3,3,2,1,3,2,2,2,2,3,2,2,2,2,2,1,2,1,38,ACAP Early Education Services - Gouldville Early Education Servi - Preschool 2 Child Care,2021-2022
2349's Family,2349,1,3,3,3,4,3,3,4,3,3,4,3,4,4,3,4,4,4,4,4,67,ACAP Early Education Services - Gouldville Early Education Servi - Preschool 2 Child Care,2021-2022
2349's Family,2349,2,3,3,3,4,3,3,4,3,4,4,4,4,4,3,4,4,4,4,4,69,ACAP Early Education Services - Gouldville Early Education Servi - Preschool 2 Child Care,2021-2022
2222's Family,2222,1,4,4,4,5,4,4,5,4,4,4,4,4,4,4,4,4,4,4,4,78,ACAP Early Education Services - Gouldville Early Education Servi - Preschool 2 Child Care,2021-2022
2222's Family,2222,2,4,4,4,5,4,4,5,4,4,4,4,4,4,4,4,4,4,4,4,78,ACAP Early Education Services - Gouldville Early Education Servi - Preschool 2 Child Care,2021-2022
2521's Family,2521,1,3,3,3,3,2,3,3,3,4,4,4,4,3,3,4,3,4,3,3,62,ACAP Early Education Services - Gouldville Early Education Servi - Preschool 2 Child Care,2021-2022
2521's Family,2521,2,4,3,3,2,3,4,4,3,4,4,4,4,3,4,4,4,4,4,4,69,ACAP Early Education Services - Gouldville Early Education Servi - Preschool 2 Child Care,2021-2022
1897's Family,1897,1,3,4,3,2,2,3,4,2,3,4,4,4,3,2,4,4,3,4,3,61,ACAP Early Education Services - Gouldville Early Education Servi - Preschool 2 Child Care,2021-2022
1897's Family,1897,2,3,4,3,3,3,3,4,2,4,4,4,4,4,3,4,4,3,4,3,66,ACAP Early Education Services - Gouldville Early Education Servi - Preschool 2 Child Care,2021-2022
1410's Family,1410,1,3,4,3,4,4,3,4,3,4,4,5,5,5,4,5,4,4,4,4,76,ACAP Early Education Services - Gouldville Early Education Servi - Preschool 2 Child Care,2021-2022
1410's Family,1410,2,3,4,3,4,4,3,4,3,4,4,5,5,5,4,5,4,4,4,4,76,ACAP Early Education Services - Gouldville Early Education Servi - Preschool 2 Child Care,2021-2022
2091's Family,2091,1,3,2,3,3,3,3,4,2,3,3,4,3,3,2,3,3,2,3,3,55,ACAP Early Education Services - Gouldville Early Education Servi - Preschool 2 Child Care,2021-2022
2091's Family,2091,2,3,3,3,3,4,3,4,2,3,3,4,3,3,3,3,3,3,3,3,59,ACAP Early Education Services - Gouldville Early Education Servi - Preschool 2 Child Care,2021-2022
1936's Family,1936,1,3,3,3,3,3,3,4,3,3,3,2,3,3,3,3,3,3,3,3,57,ACAP Early Education Services - Gouldville Early Education Servi - Special Ed/Foundation,2021-2022
1936's Family,1936,2,2,3,3,2,1,3,3,3,3,3,2,3,3,3,3,2,3,3,3,51,ACAP Early Education Services - Gouldville Early Education Servi - Special Ed/Foundation,2021-2022
1816's Family,1816,1,3,3,3,3,1,3,4,3,3,3,4,3,4,3,4,3,4,2,3,59,ACAP Early Education Services - Gouldville Early Education Servi - Special Ed/Foundation,2021-2022
1816's Family,1816,2,3,3,3,3,1,3,4,3,3,3,4,3,4,3,4,3,4,2,3,59,ACAP Early Education Services - Gouldville Early Education Servi - Special Ed/Foundation,2021-2022
2141's Family,2141,1,4,4,4,4,4,4,4,3,4,5,3,4,3,3,4,4,4,4,2,71,ACAP Early Education Services - Gouldville Early Education Servi - Special Ed/Foundation,2021-2022
2141's Family,2141,2,3,4,3,3,2,3,4,3,4,4,4,4,3,3,4,4,4,2,2,63,ACAP Early Education Services - Gouldville Early Education Servi - Special Ed/Foundation,2021-2022
2591's Family,2591,1,3,3,3,1,2,3,3,3,3,3,4,2,3,3,3,3,2,3,2,52,ACAP Early Education Services - Gouldville Early Education Servi - Special Ed/Foundation,2021-2022
2591's Family,2591,2,3,3,3,2,2,3,3,3,3,3,4,2,3,3,3,3,3,3,3,55,ACAP Early Education Services - Gouldville Early Education Servi - Special Ed/Foundation,2021-2022
2222's Family,2222,1,4,4,4,5,4,4,5,4,4,4,4,4,4,4,4,4,4,4,4,78,ACAP Early Education Services - Gouldville Early Education Servi - Special Ed/Foundation,2021-2022
2222's Family,2222,2,4,4,4,5,4,4,5,4,4,4,4,4,4,4,4,4,4,4,4,78,ACAP Early Education Services - Gouldville Early Education Servi - Special Ed/Foundation,2021-2022
2091's Family,2091,1,3,2,3,3,3,3,4,2,3,3,4,3,3,2,3,3,2,3,3,55,ACAP Early Education Services - Gouldville Early Education Servi - Special Ed/Foundation,2021-2022
2091's Family,2091,2,3,3,3,3,4,3,4,2,3,3,4,3,3,3,3,3,3,3,3,59,ACAP Early Education Services - Gouldville Early Education Servi - Special Ed/Foundation,2021-2022
1990's Family,1990,1,3,3,3,2,2,3,4,3,4,4,3,3,3,3,4,3,4,4,3,61,ACAP Early Education Services - Gouldville Early Education Servi - Special Ed/Foundation,2021-2022
1990's Family,1990,2,3,3,3,2,2,3,4,3,4,4,3,3,3,3,4,3,4,4,3,61,ACAP Early Education Services - Gouldville Early Education Servi - Special Ed/Foundation,2021-2022
1410's Family,1410,1,3,4,3,4,4,3,4,3,4,4,5,5,5,4,5,4,4,4,4,76,ACAP Early Education Services - Gouldville Early Education Servi - Toddler Child Care,2021-2022
1410's Family,1410,2,3,4,3,4,4,3,4,3,4,4,5,5,5,4,5,4,4,4,4,76,ACAP Early Education Services - Gouldville Early Education Servi - Toddler Child Care,2021-2022
2318's Family,2318,1,5,5,3,5,4,5,5,3,5,5,4,3,5,4,5,5,5,3,4,83,ACAP Early Education Services - Houlton Early Education Services - AM Collaboration,2021-2022
2318's Family,2318,2,5,5,4,4,4,3,5,4,5,5,4,3,5,4,5,5,5,4,3,82,ACAP Early Education Services - Houlton Early Education Services - AM Collaboration,2021-2022
2470's Family,2470,1,2,5,3,4,1,1,4,1,3,3,5,1,1,3,2,3,3,4,3,52,ACAP Early Education Services - Houlton Early Education Services - EHS,2021-2022
2470's Family,2470,2,5,5,3,4,3,3,5,1,4,4,3,2,3,3,3,4,4,4,3,66,ACAP Early Education Services - Houlton Early Education Services - EHS,2021-2022
2552's Family,2552,1,3,4,3,3,1,3,3,3,3,4,4,4,3,3,4,3,4,2,3,60,ACAP Early Education Services - Houlton Early Education Services - EHS,2021-2022
2552's Family,2552,2,3,3,3,4,3,3,5,3,4,5,4,4,3,3,4,4,4,4,3,69,ACAP Early Education Services - Houlton Early Education Services - EHS,2021-2022
2325's Family,2325,1,2,4,3,5,1,3,2,1,2,3,4,2,3,1,3,2,2,1,1,45,ACAP Early Education Services - Houlton Early Education Services - EHS,2021-2022
2325's Family,2325,2,2,4,3,3,1,3,5,3,4,5,4,4,3,3,4,4,4,4,3,66,ACAP Early Education Services - Houlton Early Education Services - EHS,2021-2022
2318's Family,2318,1,5,5,3,5,4,5,5,3,5,5,4,3,5,4,5,5,5,3,4,83,ACAP Early Education Services - Houlton Early Education Services - EHS,2021-2022
2318's Family,2318,2,5,5,4,4,4,3,5,4,5,5,4,3,5,4,5,5,5,4,3,82,ACAP Early Education Services - Houlton Early Education Services - EHS,2021-2022
2559's Family,2559,1,3,3,3,4,4,4,3,3,5,5,5,3,4,3,3,4,5,4,4,72,ACAP Early Education Services - Houlton Early Education Services - EHS,2021-2022
2559's Family,2559,2,4,3,3,3,3,3,3,3,4,5,3,3,3,4,3,3,4,3,3,63,ACAP Early Education Services - Houlton Early Education Services - EHS,2021-2022
2552's Family,2552,1,3,4,3,3,1,3,3,3,3,4,4,4,3,3,4,3,4,2,3,60,ACAP Early Education Services - Houlton Early Education Services - I/T Child Care,2021-2022
2552's Family,2552,2,3,3,3,4,3,3,5,3,4,5,4,4,3,3,4,4,4,4,3,69,ACAP Early Education Services - Houlton Early Education Services - I/T Child Care,2021-2022
2318's Family,2318,1,5,5,3,5,4,5,5,3,5,5,4,3,5,4,5,5,5,3,4,83,ACAP Early Education Services - Houlton Early Education Services - I/T Child Care,2021-2022
2318's Family,2318,2,5,5,4,4,4,3,5,4,5,5,4,3,5,4,5,5,5,4,3,82,ACAP Early Education Services - Houlton Early Education Services - I/T Child Care,2021-2022
2350's Family,2350,1,5,5,3,5,1,3,5,2,4,5,3,3,2,2,5,5,5,4,3,70,ACAP Early Education Services - Houlton Early Education Services - Part-Day HS,2021-2022
2350's Family,2350,2,5,5,3,5,1,4,5,2,4,5,3,3,2,2,5,4,5,4,3,70,ACAP Early Education Services - Houlton Early Education Services - Part-Day HS,2021-2022
2014's Family,2014,1,5,5,3,5,3,4,5,3,5,5,4,3,2,3,5,5,5,4,3,77,ACAP Early Education Services - Houlton Early Education Services - Part-Day HS,2021-2022
2014's Family,2014,2,4,5,3,5,3,3,5,2,5,5,4,3,3,3,5,4,5,4,3,74,ACAP Early Education Services - Houlton Early Education Services - Part-Day HS,2021-2022
2245's Family,2245,1,5,4,3,1,1,3,5,3,4,5,4,3,2,4,4,4,5,4,4,68,ACAP Early Education Services - Houlton Early Education Services - Part-Day HS,2021-2022
2245's Family,2245,2,5,4,3,2,1,3,5,3,4,5,4,3,2,3,3,5,5,4,3,67,ACAP Early Education Services - Houlton Early Education Services - Part-Day HS,2021-2022
2305's Family,2305,1,5,5,5,5,1,4,5,5,4,5,4,3,4,3,5,4,4,4,3,78,ACAP Early Education Services - Houlton Early Education Services - Part-Day HS,2021-2022
2305's Family,2305,2,5,5,5,5,3,5,5,5,5,5,4,4,4,3,5,4,5,5,3,85,ACAP Early Education Services - Houlton Early Education Services - Part-Day HS,2021-2022
2242's Family,2242,1,5,5,5,5,2,5,5,3,5,5,3,5,5,3,5,5,5,5,5,86,ACAP Early Education Services - Houlton Early Education Services - Part-Day HS,2021-2022
2242's Family,2242,2,5,5,4,5,3,4,5,3,5,5,3,4,5,3,5,5,5,5,3,82,ACAP Early Education Services - Houlton Early Education Services - Part-Day HS,2021-2022
2628's Family,2628,1,2,4,5,5,3,3,5,3,4,5,3,5,4,2,5,5,5,4,3,75,ACAP Early Education Services - Houlton Early Education Services - Part-Day HS,2021-2022
2628's Family,2628,2,2,4,4,5,2,4,5,3,4,5,3,5,4,2,5,5,5,4,3,74,ACAP Early Education Services - Houlton Early Education Services - Part-Day HS,2021-2022
2201's Family,2201,1,5,5,5,5,1,4,5,3,4,4,3,4,3,3,5,4,4,3,5,75,ACAP Early Education Services - Houlton Early Education Services - Part-Day HS,2021-2022
2201's Family,2201,2,5,5,3,5,1,3,5,3,4,4,4,3,3,3,3,4,4,3,3,68,ACAP Early Education Services - Houlton Early Education Services - Part-Day HS,2021-2022
2318's Family,2318,1,5,5,3,5,4,5,5,3,5,5,4,3,5,4,5,5,5,3,4,83,ACAP Early Education Services - Houlton Early Education Services - Part-Day HS,2021-2022
2318's Family,2318,2,5,5,4,4,4,3,5,4,5,5,4,3,5,4,5,5,5,4,3,82,ACAP Early Education Services - Houlton Early Education Services - Part-Day HS,2021-2022
2014's Family,2014,1,5,5,3,5,3,4,5,3,5,5,4,3,2,3,5,5,5,4,3,77,ACAP Early Education Services - Houlton Early Education Services - PS Child Care,2021-2022
2014's Family,2014,2,4,5,3,5,3,3,5,2,5,5,4,3,3,3,5,4,5,4,3,74,ACAP Early Education Services - Houlton Early Education Services - PS Child Care,2021-2022
2201's Family,2201,1,5,5,5,5,1,4,5,3,4,4,3,4,3,3,5,4,4,3,5,75,ACAP Early Education Services - Houlton Early Education Services - PS Child Care,2021-2022
2201's Family,2201,2,5,5,3,5,1,3,5,3,4,4,4,3,3,3,3,4,4,3,3,68,ACAP Early Education Services - Houlton Early Education Services - PS Child Care,2021-2022
2318's Family,2318,1,5,5,3,5,4,5,5,3,5,5,4,3,5,4,5,5,5,3,4,83,ACAP Early Education Services - Houlton Early Education Services - PS Child Care,2021-2022
2318's Family,2318,2,5,5,4,4,4,3,5,4,5,5,4,3,5,4,5,5,5,4,3,82,ACAP Early Education Services - Houlton Early Education Services - PS Child Care,2021-2022
2466's Family,2466,1,4,3,3,2,1,3,4,3,3,4,3,3,3,3,4,3,3,3,3,58,ACAP Early Education Services - PIRCTC Early Education Services - Full-Day HS (Duration),2021-2022
2466's Family,2466,2,4,3,3,2,1,3,4,3,3,3,3,3,2,3,4,3,3,3,3,56,ACAP Early Education Services - PIRCTC Early Education Services - Full-Day HS (Duration),2021-2022
1829's Family,1829,1,4,4,3,4,4,3,3,3,3,3,3,2,2,2,3,3,3,3,3,58,ACAP Early Education Services - PIRCTC Early Education Services - Full-Day HS (Duration),2021-2022
1829's Family,1829,2,4,4,3,4,4,3,3,3,3,3,3,3,3,2,3,3,3,3,3,60,ACAP Early Education Services - PIRCTC Early Education Services - Full-Day HS (Duration),2021-2022
2109's Family,2109,1,3,4,3,4,4,3,4,3,4,4,4,4,3,3,4,4,4,4,3,69,ACAP Early Education Services - PIRCTC Early Education Services - Full-Day HS (Duration),2021-2022
2109's Family,2109,2,3,4,3,4,4,3,4,3,4,4,4,4,3,3,4,4,4,4,3,69,ACAP Early Education Services - PIRCTC Early Education Services - Full-Day HS (Duration),2021-2022
2644's Family,2644,1,5,5,3,4,4,4,5,5,4,5,4,4,3,3,4,4,4,5,4,79,ACAP Early Education Services - PIRCTC Early Education Services - Full-Day HS (Duration),2021-2022
2644's Family,2644,2,5,5,3,4,4,4,5,5,4,5,4,4,3,3,4,4,4,5,4,79,ACAP Early Education Services - PIRCTC Early Education Services - Full-Day HS (Duration),2021-2022
1882's Family,1882,1,5,4,3,4,4,4,4,3,4,4,4,4,3,3,4,4,4,3,3,71,ACAP Early Education Services - PIRCTC Early Education Services - Full-Day HS (Duration),2021-2022
1882's Family,1882,2,5,4,3,4,4,4,4,3,4,4,4,4,3,3,4,4,4,3,3,71,ACAP Early Education Services - PIRCTC Early Education Services - Full-Day HS (Duration),2021-2022
2580's Family,2580,1,5,4,3,5,4,4,5,3,4,4,4,4,3,4,4,4,4,4,3,75,ACAP Early Education Services - PIRCTC Early Education Services - Full-Day HS (Duration),2021-2022
2580's Family,2580,2,5,4,3,5,4,4,5,3,4,4,4,4,3,4,4,4,4,4,3,75,ACAP Early Education Services - PIRCTC Early Education Services - Full-Day HS (Duration),2021-2022
1906's Family,1906,1,3,4,3,5,4,4,4,4,3,4,4,4,4,3,4,4,3,4,3,71,ACAP Early Education Services - PIRCTC Early Education Services - Full-Day HS (Duration),2021-2022
1906's Family,1906,2,3,4,3,5,4,4,4,4,3,4,4,4,4,3,4,4,3,4,3,71,ACAP Early Education Services - PIRCTC Early Education Services - Full-Day HS (Duration),2021-2022
1075's Family,1075,1,3,3,3,4,2,3,4,3,3,4,3,3,3,3,3,3,3,2,3,58,ACAP Early Education Services - PIRCTC Early Education Services - Full-Day HS (Duration),2021-2022
1075's Family,1075,2,3,4,3,4,3,3,4,3,3,4,3,3,3,3,3,3,3,2,3,60,ACAP Early Education Services - PIRCTC Early Education Services - Full-Day HS (Duration),2021-2022
1528's Family,1528,1,1,3,3,2,1,2,2,3,2,3,3,3,2,3,4,4,2,3,3,49,ACAP Early Education Services - PIRCTC Early Education Services - Full-Day HS (Duration),2021-2022
1528's Family,1528,2,2,3,3,2,1,2,2,3,2,3,3,3,2,3,4,4,2,3,3,50,ACAP Early Education Services - PIRCTC Early Education Services - Full-Day HS (Duration),2021-2022
1055's Family,1055,1,4,3,3,4,1,3,3,3,3,3,3,3,4,2,3,2,3,3,2,55,ACAP Early Education Services - PIRCTC Early Education Services - Full-Day HS (Duration),2021-2022
1055's Family,1055,2,4,3,3,4,3,3,3,3,3,3,3,3,4,2,3,2,3,3,2,57,ACAP Early Education Services - PIRCTC Early Education Services - Full-Day HS (Duration),2021-2022
2388's Family,2388,1,4,4,4,5,4,4,5,3,5,5,5,4,5,3,5,4,4,3,4,80,ACAP Early Education Services - PIRCTC Early Education Services - Full-Day HS (Duration),2021-2022
2388's Family,2388,2,4,4,4,5,4,4,4,3,5,5,5,4,5,3,5,4,4,3,4,79,ACAP Early Education Services - PIRCTC Early Education Services - Full-Day HS (Duration),2021-2022
2183's Family,2183,1,3,4,3,5,1,3,5,5,4,5,5,2,2,4,5,5,5,4,5,75,ACAP Early Education Services - Region II Early Education Servic - Full-Day HS (Duration),2021-2022
2183's Family,2183,2,3,4,3,5,1,3,5,5,4,5,5,3,4,4,5,5,5,4,3,76,ACAP Early Education Services - Region II Early Education Servic - Full-Day HS (Duration),2021-2022
2325's Family,2325,1,2,4,3,5,1,3,2,1,2,3,4,2,3,1,3,2,2,1,1,45,ACAP Early Education Services - Region II Early Education Servic - Full-Day HS (Duration),2021-2022
2325's Family,2325,2,2,4,3,3,1,3,5,3,4,5,4,4,3,3,4,4,4,4,3,66,ACAP Early Education Services - Region II Early Education Servic - Full-Day HS (Duration),2021-2022
2318's Family,2318,1,5,5,3,5,4,5,5,3,5,5,4,3,5,4,5,5,5,3,4,83,ACAP Early Education Services - Region II Early Education Servic - Full-Day HS (Duration),2021-2022
2318's Family,2318,2,5,5,4,4,4,3,5,4,5,5,4,3,5,4,5,5,5,4,3,82,ACAP Early Education Services - Region II Early Education Servic - Full-Day HS (Duration),2021-2022
