6/28/2022,ACAP Early Education Services,Unnamed: 2,Unnamed: 3,Unnamed: 4,Unnamed: 5,Unnamed: 6,Unnamed: 7,Unnamed: 8,Unnamed: 9,Unnamed: 10,Unnamed: 11,Unnamed: 12,Unnamed: 13,Unnamed: 14,Unnamed: 15,Unnamed: 16,Unnamed: 17,Unnamed: 18,Unnamed: 19,Unnamed: 20,Unnamed: 21,Unnamed: 22,Page 1 of 1,Unnamed: 24,Unnamed: 25
4:24 PM,,,,,,,,,,,,,,,,,,,,,,,jchandler,,
,4240 - Family Outcomes - Analysis,,,,,,,,,,,,,,,,,,,,,,,,
,<All Records>,,,,,,,,,,,,,,,,,,,,,,,,
Family,,"Family
ID",Assessment,Housing,Health and Wellness,Food/Nutrition,Transportation,Employment,Financial Literacy,Family Safety,Heating,Family Relationships,Child Development/Parenting Skills,Family Literacy,School Readiness,Education/Training,Family Engagement,,Child's Educational Transitions,Life Transitions,Family Relationships,Community Involvement,,Leadership and Advocacy,TOTAL
ACAP Early Education Services - Birch Early Care & Education - < No Classroom >,,,,,,,,,,,,,,,,,,,,,,,,,
2521's Family,,2521,1,3,3,3,3,2,3,3,3,4,4,4,4,3,3,,4,3,4,3,,3,62
,,,2,4,3,3,2,3,4,4,3,4,4,4,4,3,4,,4,4,4,4,,4,69
,,,+/-,"?
1",-,-,"?
1","?
1","?
1","?
1",-,-,-,-,-,-,"?
1",,-,"?
1",-,"?
1",,"?
1","?
7"
Classroom Average - < No Classroom >,,,,,,,,,,,,,,,,,,,,,,,,,
Families w/ complete assessments:,,1,1,3,3,3,3,2,3,3,3,4,4,4,4,3,3,,4,3,4,3,,3,62
,,1,2,4,3,3,2,3,4,4,3,4,4,4,4,3,4,,4,4,4,4,,4,69
,,1,+/-,"?
1",-,-,"?
1","?
1","?
1","?
1",-,-,-,-,-,-,"?
1",,-,"?
1",-,"?
1",,"?
1","?
7"
ACAP Early Education Services - Birch Early Care & Education - Collaboration HS-Full Day,,,,,,,,,,,,,,,,,,,,,,,,,
2001's Family,,2001,1,3,3,2,2,2,2,4,3,2,2,2,2,3,3,,3,3,3,3,,2,49
,,,2,3,3,3,2,2,3,4,3,2,2,3,3,2,3,,3,3,3,3,,2,52
,,,+/-,-,-,"?
1",-,-,"?
1",-,-,-,-,"?
1","?
1","?
1",-,,-,-,-,-,,-,"?
3"
2141's Family,,2141,1,4,4,4,4,4,4,4,3,4,5,3,4,3,3,,4,4,4,4,,2,71
,,,2,3,4,3,3,2,3,4,3,4,4,4,4,3,3,,4,4,4,2,,2,63
,,,+/-,"?
1",-,"?
1","?
1","?
2","?
1",-,-,-,"?
1","?
1",-,-,-,,-,-,-,"?
2",,-,"?
8"
2144's Family,,2144,1,3,4,3,4,4,3,4,3,3,3,4,4,4,4,,4,4,3,3,,3,67
,,,2,4,4,3,4,4,3,4,3,3,3,4,4,4,4,,4,4,3,3,,3,68
,,,+/-,"?
1",-,-,-,-,-,-,-,-,-,-,-,-,-,,-,-,-,-,,-,"?
1"
1777's Family,,1777,1,4,4,4,3,3,5,4,3,4,3,3,3,3,3,,3,3,4,4,,3,66
,,,2,4,4,4,3,3,5,4,4,4,3,3,3,3,3,,3,3,4,4,,3,67
,,,+/-,-,-,-,-,-,-,-,"?
1",-,-,-,-,-,-,,-,-,-,-,,-,"?
1"
1422's Family,,1422,1,3,4,3,4,3,4,4,3,4,3,4,4,2,3,,3,3,4,3,,3,64
,,,2,3,4,3,4,3,4,4,3,4,3,4,4,2,3,,3,3,4,3,,3,64
,,,+/-,-,-,-,-,-,-,-,-,-,-,-,-,-,-,,-,-,-,-,,-,-
2360's Family,,2360,1,3,4,4,2,3,3,3,3,2,3,2,3,3,3,,3,3,2,4,,4,57
,,,2,3,4,4,4,2,3,3,3,2,3,2,3,3,3,,3,3,2,4,,4,58
,,,+/-,-,-,-,"?
2","?
1",-,-,-,-,-,-,-,-,-,,-,-,-,-,,-,"?
1"
2345's Family,,2345,1,4,4,4,5,4,4,5,5,4,5,5,5,5,4,,5,5,5,5,,4,87
,,,2,4,4,4,5,5,4,5,5,4,5,5,5,5,4,,5,5,5,5,,4,88
,,,+/-,-,-,-,-,"?
1",-,-,-,-,-,-,-,-,-,,-,-,-,-,,-,"?
1"
2259's Family,,2259,1,4,3,3,4,3,3,4,3,4,4,3,3,3,3,,3,3,4,3,,2,62
,,,2,3,3,3,4,2,3,4,3,4,4,3,3,3,3,,3,3,4,3,,2,60
,,,+/-,"?
1",-,-,-,"?
1",-,-,-,-,-,-,-,-,-,,-,-,-,-,,-,"?
2"
2311's Family,,2311,1,4,4,4,4,3,3,5,3,4,4,4,3,3,3,,3,3,4,2,,2,65
,,,2,4,4,4,4,4,3,5,3,4,4,4,3,3,3,,3,3,4,2,,2,66
,,,+/-,-,-,-,-,"?
1",-,-,-,-,-,-,-,-,-,,-,-,-,-,,-,"?
1"
2311's Family,,2311,1,4,4,4,4,3,3,5,3,4,4,4,3,3,3,,3,3,4,2,,2,65
,,,2,4,4,4,4,4,3,5,3,4,4,4,3,3,3,,3,3,4,2,,2,66
,,,+/-,-,-,-,-,"?
1",-,-,-,-,-,-,-,-,-,,-,-,-,-,,-,"?
1"
1328's Family,,1328,1,5,4,3,5,4,4,4,3,4,4,3,4,3,4,,4,4,4,5,,3,74
,,,2,5,4,3,5,4,4,4,3,4,4,3,4,4,4,,4,4,4,5,,3,75
,,,+/-,-,-,-,-,-,-,-,-,-,-,-,-,"?
1",-,,-,-,-,-,,-,"?
1"
1990's Family,,1990,1,3,3,3,2,2,3,4,3,4,4,3,3,3,3,,4,3,4,4,,3,61
,,,2,3,3,3,2,2,3,4,3,4,4,3,3,3,3,,4,3,4,4,,3,61
,,,+/-,-,-,-,-,-,-,-,-,-,-,-,-,-,-,,-,-,-,-,,-,-
Classroom Average - Collaboration HS-Full Day,,,,,,,,,,,,,,,,,,,,,,,,,
Families w/ complete assessments:,,11,1,3.6,3.7,3.4,3.5,3.2,3.5,4.1,3.2,3.5,3.6,3.3,3.5,3.2,3.3,,3.5,3.5,3.7,3.6,,2.8,65.7
,,11,2,3.5,3.7,3.4,3.6,3,3.5,4.1,3.3,3.5,3.5,3.5,3.5,3.2,3.3,,3.5,3.5,3.7,3.5,,2.8,65.6
,,11,+/-,"?
0.1",-,-,"?
0.1","?
0.2",-,-,"?
0.1",-,"?
0.1","?
0.2","?
0.1",-,-,,-,-,-,"?
0.2",,-,"?
0.1"
ACAP Early Education Services - Birch Early Care & Education - Early Head Start,,,,,,,,,,,,,,,,,,,,,,,,,
1070's Family,,1070,1,4,4,4,2,2,4,5,3,4,4,3,3,3,3,,4,3,4,4,,2,65
,,,2,4,4,4,4,4,4,5,3,4,4,3,3,4,3,,4,3,4,4,,3,71
,,,+/-,-,-,-,"?
2","?
2",-,-,-,-,-,-,-,"?
1",-,,-,-,-,-,,"?
1","?
6"
2259's Family,,2259,1,4,3,3,4,3,3,4,3,4,4,3,3,3,3,,3,3,4,3,,2,62
,,,2,3,3,3,4,2,3,4,3,4,4,3,3,3,3,,3,3,4,3,,2,60
,,,+/-,"?
1",-,-,-,"?
1",-,-,-,-,-,-,-,-,-,,-,-,-,-,,-,"?
2"
2001's Family,,2001,1,3,3,2,2,2,2,4,3,2,2,2,2,3,3,,3,3,3,3,,2,49
,,,2,3,3,3,2,2,3,4,3,2,2,3,3,2,3,,3,3,3,3,,2,52
,,,+/-,-,-,"?
1",-,-,"?
1",-,-,-,-,"?
1","?
1","?
1",-,,-,-,-,-,,-,"?
3"
2259's Family,,2259,1,4,3,3,4,3,3,4,3,4,4,3,3,3,3,,3,3,4,3,,2,62
,,,2,3,3,3,4,2,3,4,3,4,4,3,3,3,3,,3,3,4,3,,2,60
,,,+/-,"?
1",-,-,-,"?
1",-,-,-,-,-,-,-,-,-,,-,-,-,-,,-,"?
2"
2251's Family,,2251,1,4,3,3,3,3,3,3,3,3,3,3,3,2,3,,3,3,3,2,,2,55
,,,2,4,3,3,4,4,3,3,3,3,3,3,3,3,3,,3,3,3,2,,2,58
,,,+/-,-,-,-,"?
1","?
1",-,-,-,-,-,-,-,"?
1",-,,-,-,-,-,,-,"?
3"
2144's Family,,2144,1,3,4,3,4,4,3,4,3,3,3,4,4,4,4,,4,4,3,3,,3,67
,,,2,4,4,3,4,4,3,4,3,3,3,4,4,4,4,,4,4,3,3,,3,68
,,,+/-,"?
1",-,-,-,-,-,-,-,-,-,-,-,-,-,,-,-,-,-,,-,"?
1"
Classroom Average - Early Head Start,,,,,,,,,,,,,,,,,,,,,,,,,
Families w/ complete assessments:,,5,1,3.6,3.4,3,3,2.8,3,4,3,3.2,3.2,3,3,3,3.2,,3.4,3.2,3.4,3,,2.2,59.6
,,5,2,3.6,3.4,3.2,3.6,3.2,3.2,4,3,3.2,3.2,3.2,3.2,3.2,3.2,,3.4,3.2,3.4,3,,2.4,61.8
,,5,+/-,-,-,"?
0.2","?
0.6","?
0.4","?
0.2",-,-,-,-,"?
0.2","?
0.2","?
0.2",-,,-,-,-,-,,"?
0.2","?
2.2"
ACAP Early Education Services - Birch Early Care & Education - Infant/Toddler,,,,,,,,,,,,,,,,,,,,,,,,,
2259's Family,,2259,1,4,3,3,4,3,3,4,3,4,4,3,3,3,3,,3,3,4,3,,2,62
,,,2,3,3,3,4,2,3,4,3,4,4,3,3,3,3,,3,3,4,3,,2,60
,,,+/-,"?
1",-,-,-,"?
1",-,-,-,-,-,-,-,-,-,,-,-,-,-,,-,"?
2"
2001's Family,,2001,1,3,3,2,2,2,2,4,3,2,2,2,2,3,3,,3,3,3,3,,2,49
,,,2,3,3,3,2,2,3,4,3,2,2,3,3,2,3,,3,3,3,3,,2,52
,,,+/-,-,-,"?
1",-,-,"?
1",-,-,-,-,"?
1","?
1","?
1",-,,-,-,-,-,,-,"?
3"
2259's Family,,2259,1,4,3,3,4,3,3,4,3,4,4,3,3,3,3,,3,3,4,3,,2,62
,,,2,3,3,3,4,2,3,4,3,4,4,3,3,3,3,,3,3,4,3,,2,60
,,,+/-,"?
1",-,-,-,"?
1",-,-,-,-,-,-,-,-,-,,-,-,-,-,,-,"?
2"
2251's Family,,2251,1,4,3,3,3,3,3,3,3,3,3,3,3,2,3,,3,3,3,2,,2,55
,,,2,4,3,3,4,4,3,3,3,3,3,3,3,3,3,,3,3,3,2,,2,58
,,,+/-,-,-,-,"?
1","?
1",-,-,-,-,-,-,-,"?
1",-,,-,-,-,-,,-,"?
3"
2144's Family,,2144,1,3,4,3,4,4,3,4,3,3,3,4,4,4,4,,4,4,3,3,,3,67
,,,2,4,4,3,4,4,3,4,3,3,3,4,4,4,4,,4,4,3,3,,3,68
,,,+/-,"?
1",-,-,-,-,-,-,-,-,-,-,-,-,-,,-,-,-,-,,-,"?
1"
Classroom Average - Infant/Toddler,,,,,,,,,,,,,,,,,,,,,,,,,
Families w/ complete assessments:,,4,1,3.5,3.3,2.8,3.3,3,2.8,3.8,3,3,3,3,3,3,3.3,,3.3,3.3,3.3,2.8,,2.3,58.3
,,4,2,3.5,3.3,3,3.5,3,3,3.8,3,3,3,3.3,3.3,3,3.3,,3.3,3.3,3.3,2.8,,2.3,59.5
,,4,+/-,-,-,"?
0.3","?
0.3",-,"?
0.3",-,-,-,-,"?
0.3","?
0.3",-,-,,-,-,-,-,,-,"?
1.3"
ACAP Early Education Services - Birch Early Care & Education - Preschool,,,,,,,,,,,,,,,,,,,,,,,,,
2001's Family,,2001,1,3,3,2,2,2,2,4,3,2,2,2,2,3,3,,3,3,3,3,,2,49
,,,2,3,3,3,2,2,3,4,3,2,2,3,3,2,3,,3,3,3,3,,2,52
,,,+/-,-,-,"?
1",-,-,"?
1",-,-,-,-,"?
1","?
1","?
1",-,,-,-,-,-,,-,"?
3"
2144's Family,,2144,1,3,4,3,4,4,3,4,3,3,3,4,4,4,4,,4,4,3,3,,3,67
,,,2,4,4,3,4,4,3,4,3,3,3,4,4,4,4,,4,4,3,3,,3,68
,,,+/-,"?
1",-,-,-,-,-,-,-,-,-,-,-,-,-,,-,-,-,-,,-,"?
1"
1777's Family,,1777,1,4,4,4,3,3,5,4,3,4,3,3,3,3,3,,3,3,4,4,,3,66
,,,2,4,4,4,3,3,5,4,4,4,3,3,3,3,3,,3,3,4,4,,3,67
,,,+/-,-,-,-,-,-,-,-,"?
1",-,-,-,-,-,-,,-,-,-,-,,-,"?
1"
1514's Family,,1514,1,3,3,3,4,3,3,4,3,4,3,4,2,2,2,,3,3,4,3,,3,59
,,,2,3,3,3,4,3,3,4,3,4,3,4,3,2,2,,3,4,4,4,,3,62
,,,+/-,-,-,-,-,-,-,-,-,-,-,-,"?
1",-,-,,-,"?
1",-,"?
1",,-,"?
3"
2360's Family,,2360,1,3,4,4,2,3,3,3,3,2,3,2,3,3,3,,3,3,2,4,,4,57
,,,2,3,4,4,4,2,3,3,3,2,3,2,3,3,3,,3,3,2,4,,4,58
,,,+/-,-,-,-,"?
2","?
1",-,-,-,-,-,-,-,-,-,,-,-,-,-,,-,"?
1"
2259's Family,,2259,1,4,3,3,4,3,3,4,3,4,4,3,3,3,3,,3,3,4,3,,2,62
,,,2,3,3,3,4,2,3,4,3,4,4,3,3,3,3,,3,3,4,3,,2,60
,,,+/-,"?
1",-,-,-,"?
1",-,-,-,-,-,-,-,-,-,,-,-,-,-,,-,"?
2"
Classroom Average - Preschool,,,,,,,,,,,,,,,,,,,,,,,,,
Families w/ complete assessments:,,6,1,3.3,3.5,3.2,3.2,3,3.2,3.8,3,3.2,3,3,2.8,3,3,,3.2,3.2,3.3,3.3,,2.8,60
,,6,2,3.3,3.5,3.3,3.5,2.7,3.3,3.8,3.2,3.2,3,3.2,3.2,2.8,3,,3.2,3.3,3.3,3.5,,2.8,61.2
,,6,+/-,-,-,"?
0.2","?
0.3","?
0.3","?
0.2",-,"?
0.2",-,-,"?
0.2","?
0.3","?
0.2",-,,-,"?
0.2",-,"?
0.2",,-,"?
1.2"
Site Average - Birch Early Care & Education,,,,,,,,,,,,,,,,,,,,,,,,,
Families w/ complete assessments:,,15,1,3.6,3.6,3.3,3.4,3,3.4,4,3.1,3.6,3.6,3.3,3.3,3,3.1,,3.5,3.3,3.7,3.5,,2.7,64.3
,,15,2,3.6,3.6,3.3,3.6,3.1,3.5,4.1,3.2,3.6,3.5,3.5,3.5,3.1,3.2,,3.5,3.5,3.7,3.5,,2.9,65.5
,,15,+/-,-,-,-,"?
0.2","?
0.1","?
0.1","?
0.1","?
0.1",-,"?
0.1","?
0.1","?
0.1","?
0.1","?
0.1",,-,"?
0.1",-,-,,"?
0.1","?
1.2"
ACAP Early Education Services - Caribou Early Education Services - AM Colaboration,,,,,,,,,,,,,,,,,,,,,,,,,
2465's Family,,2465,1,3,4,3,4,3,4,3,3,4,4,5,4,3,3,,4,3,4,4,,3,68
,,,2,3,4,3,4,3,3,5,3,3,4,5,4,4,3,,4,4,4,3,,3,69
,,,+/-,-,-,-,-,-,"?
1","?
2",-,"?
1",-,-,-,"?
1",-,,-,"?
1",-,"?
1",,-,"?
1"
2465's Family,,2465,1,3,4,3,4,3,4,3,3,4,4,5,4,3,3,,4,3,4,4,,3,68
,,,2,3,4,3,4,3,3,5,3,3,4,5,4,4,3,,4,4,4,3,,3,69
,,,+/-,-,-,-,-,-,"?
1","?
2",-,"?
1",-,-,-,"?
1",-,,-,"?
1",-,"?
1",,-,"?
1"
1517's Family,,1517,1,4,4,3,4,4,4,5,3,4,4,2,4,4,4,,4,4,4,4,,4,73
,,,2,5,5,4,5,4,3,5,3,4,5,4,4,4,3,,5,3,5,3,,3,77
,,,+/-,"?
1","?
1","?
1","?
1",-,"?
1",-,-,-,"?
1","?
2",-,-,"?
1",,"?
1","?
1","?
1","?
1",,"?
1","?
4"
2498's Family,,2498,1,3,4,4,4,3,3,4,3,3,4,4,4,3,4,,4,4,3,3,,4,68
,,,2,3,4,3,4,2,3,4,3,3,5,4,4,3,4,,4,4,3,3,,4,67
,,,+/-,-,-,"?
1",-,"?
1",-,-,-,-,"?
1",-,-,-,-,,-,-,-,-,,-,"?
1"
Classroom Average - AM Colaboration,,,,,,,,,,,,,,,,,,,,,,,,,
Families w/ complete assessments:,,3,1,3.3,4,3.3,4,3.3,3.7,4,3,3.7,4,3.7,4,3.3,3.7,,4,3.7,3.7,3.7,,3.7,69.7
,,3,2,3.7,4.3,3.3,4.3,3,3,4.7,3,3.3,4.7,4.3,4,3.7,3.3,,4.3,3.7,4,3,,3.3,71
,,3,+/-,"?
0.3","?
0.3",-,"?
0.3","?
0.3","?
0.7","?
0.7",-,"?
0.3","?
0.7","?
0.7",-,"?
0.3","?
0.3",,"?
0.3",-,"?
0.3","?
0.7",,"?
0.3","?
1.3"
ACAP Early Education Services - Caribou Early Education Services - EHS 1,,,,,,,,,,,,,,,,,,,,,,,,,
1126's Family,,1126,1,4,4,3,5,2,3,5,3,4,5,4,5,4,4,,5,4,5,4,,4,77
,,,2,4,4,4,3,2,2,4,3,4,4,3,4,4,3,,3,4,4,4,,4,67
,,,+/-,-,-,"?
1","?
2",-,"?
1","?
1",-,-,"?
1","?
1","?
1",-,"?
1",,"?
2",-,"?
1",-,,-,"?
10"
2692's Family,,2692,1,2,3,4,1,1,1,4,1,3,2,3,4,1,2,,2,1,2,2,,1,40
,,,2,2,3,3,1,1,1,4,1,3,2,3,4,1,3,,2,2,2,2,,1,41
,,,+/-,-,-,"?
1",-,-,-,-,-,-,-,-,-,-,"?
1",,-,"?
1",-,-,,-,"?
1"
2662's Family,,2662,1,2,3,3,4,4,3,4,2,3,3,4,4,3,4,,3,3,3,3,,3,61
,,,2,3,3,3,4,1,3,3,3,4,4,5,4,4,4,,4,3,4,3,,3,65
,,,+/-,"?
1",-,-,-,"?
3",-,"?
1","?
1","?
1","?
1","?
1",-,"?
1",-,,"?
1",-,"?
1",-,,-,"?
4"
2680's Family,,2680,1,3,3,2,2,1,3,5,2,3,5,3,4,4,3,,3,3,3,3,,2,57
,,,2,3,3,3,3,3,3,5,3,3,4,3,4,3,4,,4,4,4,3,,3,65
,,,+/-,-,-,"?
1","?
1","?
2",-,-,"?
1",-,"?
1",-,-,"?
1","?
1",,"?
1","?
1","?
1",-,,"?
1","?
8"
2136's Family,,2136,1,4,4,3,4,4,3,4,3,4,4,4,4,4,4,,4,4,4,3,,3,71
,,,2,3,4,3,4,4,3,5,3,4,5,5,5,4,4,,5,5,4,4,,4,78
,,,+/-,"?
1",-,-,-,-,-,"?
1",-,-,"?
1","?
1","?
1",-,-,,"?
1","?
1",-,"?
1",,"?
1","?
7"
1132's Family,,1132,1,5,5,3,5,5,4,5,3,5,5,5,5,5,4,,5,5,5,4,,4,87
,,,2,5,5,4,5,4,5,5,4,5,5,5,5,4,4,,5,5,4,4,,4,87
,,,+/-,-,-,"?
1",-,"?
1","?
1",-,"?
1",-,-,-,-,"?
1",-,,-,-,"?
1",-,,-,-
2369's Family,,2369,1,3,4,3,2,2,3,3,3,4,4,5,4,3,3,,4,3,4,4,,3,64
,,,2,4,4,3,1,3,3,5,3,3,3,5,3,3,3,,4,4,4,3,,2,63
,,,+/-,"?
1",-,-,"?
1","?
1",-,"?
2",-,"?
1","?
1",-,"?
1",-,-,,-,"?
1",-,"?
1",,"?
1","?
1"
2407's Family,,2407,1,3,4,3,5,3,3,4,3,4,4,5,4,3,3,,4,4,4,4,,3,70
,,,2,3,4,4,4,3,3,4,3,3,4,4,4,3,4,,4,4,4,3,,3,68
,,,+/-,-,-,"?
1","?
1",-,-,-,-,"?
1",-,"?
1",-,-,"?
1",,-,-,-,"?
1",,-,"?
2"
Classroom Average - EHS 1,,,,,,,,,,,,,,,,,,,,,,,,,
Families w/ complete assessments:,,8,1,3.3,3.8,3,3.5,2.8,2.9,4.3,2.5,3.8,4,4.1,4.3,3.4,3.4,,3.8,3.4,3.8,3.4,,2.9,65.9
,,8,2,3.4,3.8,3.4,3.1,2.6,2.9,4.4,2.9,3.6,3.9,4.1,4.1,3.3,3.6,,3.9,3.9,3.8,3.3,,3,66.8
,,8,+/-,"?
0.1",-,"?
0.4","?
0.4","?
0.1",-,"?
0.1","?
0.4","?
0.1","?
0.1",-,"?
0.1","?
0.1","?
0.3",,"?
0.1","?
0.5",-,"?
0.1",,"?
0.1","?
0.9"
ACAP Early Education Services - Caribou Early Education Services - EHS 2,,,,,,,,,,,,,,,,,,,,,,,,,
2539's Family,,2539,1,5,4,5,5,5,5,4,5,4,4,4,4,5,3,,4,4,4,4,,4,82
,,,2,5,4,4,5,4,4,5,5,4,5,5,4,5,4,,4,4,4,4,,4,83
,,,+/-,-,-,"?
1",-,"?
1","?
1","?
1",-,-,"?
1","?
1",-,-,"?
1",,-,-,-,-,,-,"?
1"
1297's Family,,1297,1,5,4,3,5,4,4,4,3,4,4,4,4,4,3,,4,4,4,4,,3,74
,,,2,4,3,4,4,4,4,5,4,3,4,4,3,4,3,,3,3,4,3,,3,69
,,,+/-,"?
1","?
1","?
1","?
1",-,-,"?
1","?
1","?
1",-,-,"?
1",-,-,,"?
1","?
1",-,"?
1",,-,"?
5"
2022's Family,,2022,1,3,5,3,5,3,4,4,3,4,3,5,3,4,3,,3,4,4,4,,3,70
,,,2,4,5,3,4,2,3,5,3,5,5,5,4,5,4,,4,4,4,5,,4,78
,,,+/-,"?
1",-,-,"?
1","?
1","?
1","?
1",-,"?
1","?
2",-,"?
1","?
1","?
1",,"?
1",-,-,"?
1",,"?
1","?
8"
1877's Family,,1877,1,4,4,3,5,4,4,5,3,4,4,5,4,3,3,,4,4,3,4,,3,73
,,,2,3,4,4,4,3,3,5,3,4,5,4,4,4,4,,4,4,4,3,,3,72
,,,+/-,"?
1",-,"?
1","?
1","?
1","?
1",-,-,-,"?
1","?
1",-,"?
1","?
1",,-,-,"?
1","?
1",,-,"?
1"
2465's Family,,2465,1,3,4,3,4,3,4,3,3,4,4,5,4,3,3,,4,3,4,4,,3,68
,,,2,3,4,3,4,3,3,5,3,3,4,5,4,4,3,,4,4,4,3,,3,69
,,,+/-,-,-,-,-,-,"?
1","?
2",-,"?
1",-,-,-,"?
1",-,,-,"?
1",-,"?
1",,-,"?
1"
Classroom Average - EHS 2,,,,,,,,,,,,,,,,,,,,,,,,,
Families w/ complete assessments:,,5,1,4,4.2,3.4,4.8,3.8,4.2,4,3.4,4,3.8,4.6,3.8,3.8,3,,3.8,3.8,3.8,4,,3.2,73.4
,,5,2,3.8,4,3.6,4.2,3.2,3.4,5,3.6,3.8,4.6,4.6,3.8,4.4,3.6,,3.8,3.8,4,3.6,,3.4,74.2
,,5,+/-,"?
0.2","?
0.2","?
0.2","?
0.6","?
0.6","?
0.8","?
1","?
0.2","?
0.2","?
0.8",-,-,"?
0.6","?
0.6",,-,-,"?
0.2","?
0.4",,"?
0.2","?
0.8"
ACAP Early Education Services - Caribou Early Education Services - Foundational Classroom,,,,,,,,,,,,,,,,,,,,,,,,,
2064's Family,,2064,1,3,4,3,4,1,2,4,3,4,4,5,4,3,3,,4,3,3,2,,2,61
,,,2,4,4,3,4,1,3,4,3,4,4,5,3,3,3,,3,3,3,3,,3,63
,,,+/-,"?
1",-,-,-,-,"?
1",-,-,-,-,-,"?
1",-,-,,"?
1",-,-,"?
1",,"?
1","?
2"
2064's Family,,2064,1,3,4,3,4,1,2,4,3,4,4,5,4,3,3,,4,3,3,2,,2,61
,,,2,4,4,3,4,1,3,4,3,4,4,5,3,3,3,,3,3,3,3,,3,63
,,,+/-,"?
1",-,-,-,-,"?
1",-,-,-,-,-,"?
1",-,-,,"?
1",-,-,"?
1",,"?
1","?
2"
Classroom Average - Foundational Classroom,,,,,,,,,,,,,,,,,,,,,,,,,
Families w/ complete assessments:,,1,1,3,4,3,4,1,2,4,3,4,4,5,4,3,3,,4,3,3,2,,2,61
,,1,2,4,4,3,4,1,3,4,3,4,4,5,3,3,3,,3,3,3,3,,3,63
,,1,+/-,"?
1",-,-,-,-,"?
1",-,-,-,-,-,"?
1",-,-,,"?
1",-,-,"?
1",,"?
1","?
2"
ACAP Early Education Services - Caribou Early Education Services - Full-Day Collab HS (Dur),,,,,,,,,,,,,,,,,,,,,,,,,
2016's Family,,2016,1,4,4,3,4,3,3,3,3,4,3,5,3,3,3,,3,3,4,4,,3,65
,,,2,3,2,3,3,1,3,3,3,3,4,5,4,3,4,,4,4,3,3,,3,61
,,,+/-,"?
1","?
2",-,"?
1","?
2",-,-,-,"?
1","?
1",-,"?
1",-,"?
1",,"?
1","?
1","?
1","?
1",,-,"?
4"
1126's Family,,1126,1,4,4,3,5,2,3,5,3,4,5,4,5,4,4,,5,4,5,4,,4,77
,,,2,4,4,4,3,2,2,4,3,4,4,3,4,4,3,,3,4,4,4,,4,67
,,,+/-,-,-,"?
1","?
2",-,"?
1","?
1",-,-,"?
1","?
1","?
1",-,"?
1",,"?
2",-,"?
1",-,,-,"?
10"
2383's Family,,2383,1,4,4,3,4,3,4,4,3,4,4,4,4,4,4,,4,4,4,4,,2,71
,,,2,5,4,4,4,2,4,5,3,5,5,4,4,4,5,,4,4,4,4,,4,78
,,,+/-,"?
1",-,"?
1",-,"?
1",-,"?
1",-,"?
1","?
1",-,-,-,"?
1",,-,-,-,-,,"?
2","?
7"
2136's Family,,2136,1,4,4,3,4,4,3,4,3,4,4,4,4,4,4,,4,4,4,3,,3,71
,,,2,3,4,3,4,4,3,5,3,4,5,5,5,4,4,,5,5,4,4,,4,78
,,,+/-,"?
1",-,-,-,-,-,"?
1",-,-,"?
1","?
1","?
1",-,-,,"?
1","?
1",-,"?
1",,"?
1","?
7"
1132's Family,,1132,1,5,5,3,5,5,4,5,3,5,5,5,5,5,4,,5,5,5,4,,4,87
,,,2,5,5,4,5,4,5,5,4,5,5,5,5,4,4,,5,5,4,4,,4,87
,,,+/-,-,-,"?
1",-,"?
1","?
1",-,"?
1",-,-,-,-,"?
1",-,,-,-,"?
1",-,,-,-
2371's Family,,2371,1,3,4,3,1,2,3,3,3,3,3,3,3,3,3,,3,3,3,3,,3,55
,,,2,3,4,3,3,1,3,5,2,3,5,5,3,3,4,,3,3,3,3,,3,62
,,,+/-,-,-,-,"?
2","?
1",-,"?
2","?
1",-,"?
2","?
2",-,-,"?
1",,-,-,-,-,,-,"?
7"
Classroom Average - Full-Day Collab HS (Dur),,,,,,,,,,,,,,,,,,,,,,,,,
Families w/ complete assessments:,,6,1,4,4.2,3,3.8,3.2,3.3,4,3,4,4,4.2,4,3.8,3.7,,4,3.8,4.2,3.7,,3.2,71
,,6,2,3.8,3.8,3.5,3.7,2.3,3.3,4.5,3,4,4.7,4.5,4.2,3.7,4,,4,4.2,3.7,3.7,,3.7,72.2
,,6,+/-,"?
0.2","?
0.3","?
0.5","?
0.2","?
0.8",-,"?
0.5",-,-,"?
0.7","?
0.3","?
0.2","?
0.2","?
0.3",,-,"?
0.3","?
0.5",-,,"?
0.5","?
1.2"
ACAP Early Education Services - Caribou Early Education Services - Full-Day HS (Duration),,,,,,,,,,,,,,,,,,,,,,,,,
1869's Family,,1869,1,3,4,3,4,4,3,4,3,4,4,4,4,4,4,,4,4,4,4,,3,71
,,,2,4,4,4,4,4,3,4,3,4,4,5,3,3,4,,4,4,4,3,,3,71
,,,+/-,"?
1",-,"?
1",-,-,-,-,-,-,-,"?
1","?
1","?
1",-,,-,-,-,"?
1",,-,-
2539's Family,,2539,1,5,4,5,5,5,5,4,5,4,4,4,4,5,3,,4,4,4,4,,4,82
,,,2,5,4,4,5,4,4,5,5,4,5,5,4,5,4,,4,4,4,4,,4,83
,,,+/-,-,-,"?
1",-,"?
1","?
1","?
1",-,-,"?
1","?
1",-,-,"?
1",,-,-,-,-,,-,"?
1"
1127's Family,,1127,1,3,4,3,3,1,3,4,3,4,4,5,4,3,3,,4,4,3,3,,2,63
,,,2,3,4,3,3,1,3,4,3,4,4,5,4,4,4,,4,4,4,4,,4,69
,,,+/-,-,-,-,-,-,-,-,-,-,-,-,-,"?
1","?
1",,-,-,"?
1","?
1",,"?
2","?
6"
1233's Family,,1233,1,3,4,3,4,3,4,4,3,4,5,4,5,3,3,,5,4,4,4,,3,72
,,,2,4,4,3,4,3,4,4,3,3,4,3,4,3,4,,4,4,4,4,,3,69
,,,+/-,"?
1",-,-,-,-,-,-,-,"?
1","?
1","?
1","?
1",-,"?
1",,"?
1",-,-,-,,-,"?
3"
2383's Family,,2383,1,4,4,3,4,3,4,4,3,4,4,4,4,4,4,,4,4,4,4,,2,71
,,,2,5,4,4,4,2,4,5,3,5,5,4,4,4,5,,4,4,4,4,,4,78
,,,+/-,"?
1",-,"?
1",-,"?
1",-,"?
1",-,"?
1","?
1",-,-,-,"?
1",,-,-,-,-,,"?
2","?
7"
2369's Family,,2369,1,3,4,3,2,2,3,3,3,4,4,5,4,3,3,,4,3,4,4,,3,64
,,,2,4,4,3,1,3,3,5,3,3,3,5,3,3,3,,4,4,4,3,,2,63
,,,+/-,"?
1",-,-,"?
1","?
1",-,"?
2",-,"?
1","?
1",-,"?
1",-,-,,-,"?
1",-,"?
1",,"?
1","?
1"
2560's Family,,2560,1,3,3,3,3,2,2,4,3,3,3,3,3,2,3,,3,4,4,2,,2,55
,,,2,3,3,3,2,1,1,2,1,2,2,2,2,3,2,,2,1,2,2,,1,37
,,,+/-,-,-,-,"?
1","?
1","?
1","?
2","?
2","?
1","?
1","?
1","?
1","?
1","?
1",,"?
1","?
3","?
2",-,,"?
1","?
18"
2673's Family,,2673,1,3,3,3,3,3,3,5,2,4,4,4,4,5,3,,4,4,4,3,,4,68
,,,2,3,3,4,4,4,4,4,3,4,4,4,4,5,4,,4,4,4,3,,3,72
,,,+/-,-,-,"?
1","?
1","?
1","?
1","?
1","?
1",-,-,-,-,-,"?
1",,-,-,-,-,,"?
1","?
4"
2636's Family,,2636,1,5,3,3,4,1,1,5,1,4,5,4,4,3,4,,4,4,3,4,,3,65
,,,2,5,3,3,4,1,1,5,1,4,5,4,4,3,4,,4,4,3,4,,3,65
,,,+/-,-,-,-,-,-,-,-,-,-,-,-,-,-,-,,-,-,-,-,,-,-
1014's Family,,1014,1,5,4,3,4,3,4,4,4,4,4,4,4,3,3,,4,4,4,4,,2,71
,,,2,4,4,3,4,4,4,5,4,4,4,5,4,4,3,,3,3,4,5,,4,75
,,,+/-,"?
1",-,-,-,"?
1",-,"?
1",-,-,-,"?
1",-,"?
1",-,,"?
1","?
1",-,"?
1",,"?
2","?
4"
Classroom Average - Full-Day HS (Duration),,,,,,,,,,,,,,,,,,,,,,,,,
Families w/ complete assessments:,,10,1,3.7,3.7,3.2,3.6,2.7,3.2,4.1,3,3.9,4.1,4.1,4,3.5,3.3,,4,3.9,3.8,3.6,,2.8,68.2
,,10,2,4,3.7,3.4,3.5,2.7,3.1,4.3,2.9,3.7,4,4.2,3.6,3.7,3.7,,3.7,3.6,3.7,3.6,,3.1,68.2
,,10,+/-,"?
0.3",-,"?
0.2","?
0.1",-,"?
0.1","?
0.2","?
0.1","?
0.2","?
0.1","?
0.1","?
0.4","?
0.2","?
0.4",,"?
0.3","?
0.3","?
0.1",-,,"?
0.3",-
ACAP Early Education Services - Caribou Early Education Services - I/T CHILD CARE,,,,,,,,,,,,,,,,,,,,,,,,,
2539's Family,,2539,1,5,4,5,5,5,5,4,5,4,4,4,4,5,3,,4,4,4,4,,4,82
,,,2,5,4,4,5,4,4,5,5,4,5,5,4,5,4,,4,4,4,4,,4,83
,,,+/-,-,-,"?
1",-,"?
1","?
1","?
1",-,-,"?
1","?
1",-,-,"?
1",,-,-,-,-,,-,"?
1"
1233's Family,,1233,1,3,4,3,4,3,4,4,3,4,5,4,5,3,3,,5,4,4,4,,3,72
,,,2,4,4,3,4,3,4,4,3,3,4,3,4,3,4,,4,4,4,4,,3,69
,,,+/-,"?
1",-,-,-,-,-,-,-,"?
1","?
1","?
1","?
1",-,"?
1",,"?
1",-,-,-,,-,"?
3"
2662's Family,,2662,1,2,3,3,4,4,3,4,2,3,3,4,4,3,4,,3,3,3,3,,3,61
,,,2,3,3,3,4,1,3,3,3,4,4,5,4,4,4,,4,3,4,3,,3,65
,,,+/-,"?
1",-,-,-,"?
3",-,"?
1","?
1","?
1","?
1","?
1",-,"?
1",-,,"?
1",-,"?
1",-,,-,"?
4"
2465's Family,,2465,1,3,4,3,4,3,4,3,3,4,4,5,4,3,3,,4,3,4,4,,3,68
,,,2,3,4,3,4,3,3,5,3,3,4,5,4,4,3,,4,4,4,3,,3,69
,,,+/-,-,-,-,-,-,"?
1","?
2",-,"?
1",-,-,-,"?
1",-,,-,"?
1",-,"?
1",,-,"?
1"
Classroom Average - I/T CHILD CARE,,,,,,,,,,,,,,,,,,,,,,,,,
Families w/ complete assessments:,,4,1,3.3,3.8,3.5,4.3,3.8,4,3.8,3.3,3.8,4,4.3,4.3,3.5,3.3,,4,3.5,3.8,3.8,,3.3,70.8
,,4,2,3.8,3.8,3.3,4.3,2.8,3.5,4.3,3.5,3.5,4.3,4.5,4,4,3.8,,4,3.8,4,3.5,,3.3,71.5
,,4,+/-,"?
0.5",-,"?
0.3",-,"?
1","?
0.5","?
0.5","?
0.3","?
0.3","?
0.3","?
0.3","?
0.3","?
0.5","?
0.5",,-,"?
0.3","?
0.3","?
0.3",,-,"?
0.8"
ACAP Early Education Services - Caribou Early Education Services - PS CHILD CARE,,,,,,,,,,,,,,,,,,,,,,,,,
2465's Family,,2465,1,3,4,3,4,3,4,3,3,4,4,5,4,3,3,,4,3,4,4,,3,68
,,,2,3,4,3,4,3,3,5,3,3,4,5,4,4,3,,4,4,4,3,,3,69
,,,+/-,-,-,-,-,-,"?
1","?
2",-,"?
1",-,-,-,"?
1",-,,-,"?
1",-,"?
1",,-,"?
1"
2530's Family,,2530,1,5,5,3,5,5,5,4,5,4,4,4,4,5,3,,4,5,4,4,,3,81
,,,2,5,4,4,5,4,5,5,5,5,5,5,5,5,4,,5,5,5,5,,4,90
,,,+/-,-,"?
1","?
1",-,"?
1",-,"?
1",-,"?
1","?
1","?
1","?
1",-,"?
1",,"?
1",-,"?
1","?
1",,"?
1","?
9"
2530's Family,,2530,1,5,5,3,5,5,5,4,5,4,4,4,4,5,3,,4,5,4,4,,3,81
,,,2,5,4,4,5,4,5,5,5,5,5,5,5,5,4,,5,5,5,5,,4,90
,,,+/-,-,"?
1","?
1",-,"?
1",-,"?
1",-,"?
1","?
1","?
1","?
1",-,"?
1",,"?
1",-,"?
1","?
1",,"?
1","?
9"
1126's Family,,1126,1,4,4,3,5,2,3,5,3,4,5,4,5,4,4,,5,4,5,4,,4,77
,,,2,4,4,4,3,2,2,4,3,4,4,3,4,4,3,,3,4,4,4,,4,67
,,,+/-,-,-,"?
1","?
2",-,"?
1","?
1",-,-,"?
1","?
1","?
1",-,"?
1",,"?
2",-,"?
1",-,,-,"?
10"
2383's Family,,2383,1,4,4,3,4,3,4,4,3,4,4,4,4,4,4,,4,4,4,4,,2,71
,,,2,5,4,4,4,2,4,5,3,5,5,4,4,4,5,,4,4,4,4,,4,78
,,,+/-,"?
1",-,"?
1",-,"?
1",-,"?
1",-,"?
1","?
1",-,-,-,"?
1",,-,-,-,-,,"?
2","?
7"
1127's Family,,1127,1,3,4,3,3,1,3,4,3,4,4,5,4,3,3,,4,4,3,3,,2,63
,,,2,3,4,3,3,1,3,4,3,4,4,5,4,4,4,,4,4,4,4,,4,69
,,,+/-,-,-,-,-,-,-,-,-,-,-,-,-,"?
1","?
1",,-,-,"?
1","?
1",,"?
2","?
6"
2498's Family,,2498,1,3,4,4,4,3,3,4,3,3,4,4,4,3,4,,4,4,3,3,,4,68
,,,2,3,4,3,4,2,3,4,3,3,5,4,4,3,4,,4,4,3,3,,4,67
,,,+/-,-,-,"?
1",-,"?
1",-,-,-,-,"?
1",-,-,-,-,,-,-,-,-,,-,"?
1"
1233's Family,,1233,1,3,4,3,4,3,4,4,3,4,5,4,5,3,3,,5,4,4,4,,3,72
,,,2,4,4,3,4,3,4,4,3,3,4,3,4,3,4,,4,4,4,4,,3,69
,,,+/-,"?
1",-,-,-,-,-,-,-,"?
1","?
1","?
1","?
1",-,"?
1",,"?
1",-,-,-,,-,"?
3"
2530's Family,,2530,1,5,5,3,5,5,5,4,5,4,4,4,4,5,3,,4,5,4,4,,3,81
,,,2,5,4,4,5,4,5,5,5,5,5,5,5,5,4,,5,5,5,5,,4,90
,,,+/-,-,"?
1","?
1",-,"?
1",-,"?
1",-,"?
1","?
1","?
1","?
1",-,"?
1",,"?
1",-,"?
1","?
1",,"?
1","?
9"
2530's Family,,2530,1,5,5,3,5,5,5,4,5,4,4,4,4,5,3,,4,5,4,4,,3,81
,,,2,5,4,4,5,4,5,5,5,5,5,5,5,5,4,,5,5,5,5,,4,90
,,,+/-,-,"?
1","?
1",-,"?
1",-,"?
1",-,"?
1","?
1","?
1","?
1",-,"?
1",,"?
1",-,"?
1","?
1",,"?
1","?
9"
1132's Family,,1132,1,5,5,3,5,5,4,5,3,5,5,5,5,5,4,,5,5,5,4,,4,87
,,,2,5,5,4,5,4,5,5,4,5,5,5,5,4,4,,5,5,4,4,,4,87
,,,+/-,-,-,"?
1",-,"?
1","?
1",-,"?
1",-,-,-,-,"?
1",-,,-,-,"?
1",-,,-,-
2383's Family,,2383,1,4,4,3,4,3,4,4,3,4,4,4,4,4,4,,4,4,4,4,,2,71
,,,2,5,4,4,4,2,4,5,3,5,5,4,4,4,5,,4,4,4,4,,4,78
,,,+/-,"?
1",-,"?
1",-,"?
1",-,"?
1",-,"?
1","?
1",-,-,-,"?
1",,-,-,-,-,,"?
2","?
7"
2369's Family,,2369,1,3,4,3,2,2,3,3,3,4,4,5,4,3,3,,4,3,4,4,,3,64
,,,2,4,4,3,1,3,3,5,3,3,3,5,3,3,3,,4,4,4,3,,2,63
,,,+/-,"?
1",-,-,"?
1","?
1",-,"?
2",-,"?
1","?
1",-,"?
1",-,-,,-,"?
1",-,"?
1",,"?
1","?
1"
2291's Family,,2291,1,4,4,3,4,4,4,5,3,4,3,5,3,4,3,,4,4,4,4,,3,72
,,,2,3,4,3,5,4,4,5,3,4,4,5,4,4,4,,4,4,4,3,,3,74
,,,+/-,"?
1",-,-,"?
1",-,-,-,-,-,"?
1",-,"?
1",-,"?
1",,-,-,-,"?
1",,-,"?
2"
2291's Family,,2291,1,4,4,3,4,4,4,5,3,4,3,5,3,4,3,,4,4,4,4,,3,72
,,,2,3,4,3,5,4,4,5,3,4,4,5,4,4,4,,4,4,4,3,,3,74
,,,+/-,"?
1",-,-,"?
1",-,-,-,-,-,"?
1",-,"?
1",-,"?
1",,-,-,-,"?
1",,-,"?
2"
Classroom Average - PS CHILD CARE,,,,,,,,,,,,,,,,,,,,,,,,,
Families w/ complete assessments:,,10,1,3.7,4.2,3.1,4,3.1,3.7,4.1,3.2,4,4.2,4.5,4.2,3.7,3.4,,4.3,4,4,3.8,,3.1,72.3
,,10,2,3.9,4.1,3.4,3.8,2.8,3.6,4.6,3.3,3.9,4.3,4.4,4.1,3.8,3.8,,4.1,4.2,4,3.7,,3.5,73.3
,,10,+/-,"?
0.2","?
0.1","?
0.3","?
0.2","?
0.3","?
0.1","?
0.5","?
0.1","?
0.1","?
0.1","?
0.1","?
0.1","?
0.1","?
0.4",,"?
0.2","?
0.2",-,"?
0.1",,"?
0.4","?
1"
Site Average - Caribou Early Education Services,,,,,,,,,,,,,,,,,,,,,,,,,
Families w/ complete assessments:,,28,1,3.6,3.9,3.1,3.8,3,3.3,4.1,2.9,3.8,3.9,4.1,3.9,3.5,3.3,,3.8,3.7,3.7,3.5,,2.9,68
,,28,2,3.7,3.8,3.4,3.7,2.6,3.1,4.4,3,3.7,4.2,4.3,3.9,3.6,3.7,,3.8,3.7,3.8,3.4,,3.2,69.1
,,28,+/-,"?
0.1","?
0.1","?
0.3","?
0.1","?
0.3","?
0.1","?
0.3","?
0.1","?
0.1","?
0.3","?
0.2","?
0.1","?
0.1","?
0.4",,-,-,"?
0","?
0.1",,"?
0.3","?
1.1"
ACAP Early Education Services - Dyer Brook Early Education Servi - Full-Day HS/Partnership,,,,,,,,,,,,,,,,,,,,,,,,,
1116's Family,,1116,1,4,5,4,4,5,3,5,3,5,5,4,3,4,1,,5,4,5,4,,3,76
,,,2,2,5,4,4,1,2,5,3,5,5,4,4,3,2,,5,4,5,2,,3,68
,,,+/-,"?
2",-,-,-,"?
4","?
1",-,-,-,-,-,"?
1","?
1","?
1",,-,-,-,"?
2",,-,"?
8"
1517's Family,,1517,1,4,4,3,4,4,4,5,3,4,4,2,4,4,4,,4,4,4,4,,4,73
,,,2,5,5,4,5,4,3,5,3,4,5,4,4,4,3,,5,3,5,3,,3,77
,,,+/-,"?
1","?
1","?
1","?
1",-,"?
1",-,-,-,"?
1","?
2",-,-,"?
1",,"?
1","?
1","?
1","?
1",,"?
1","?
4"
2587's Family,,2587,1,5,5,5,5,4,4,5,5,5,5,5,5,3,5,,5,4,5,4,,3,87
,,,2,5,5,5,5,4,3,5,3,5,5,5,5,3,4,,5,4,5,4,,3,83
,,,+/-,-,-,-,-,-,"?
1",-,"?
2",-,-,-,-,-,"?
1",,-,-,-,-,,-,"?
4"
1845's Family,,1845,1,5,4,5,5,4,5,5,5,5,5,5,5,5,2,,5,5,5,5,,5,90
,,,2,5,4,5,5,5,5,5,5,5,5,5,5,5,5,,5,5,5,5,,3,92
,,,+/-,-,-,-,-,"?
1",-,-,-,-,-,-,-,-,"?
3",,-,-,-,-,,"?
2","?
2"
1120's Family,,1120,1,5,5,5,5,4,5,5,5,4,5,3,4,3,4,,5,4,5,5,,3,84
,,,2,5,5,3,5,4,5,5,5,4,5,3,4,3,4,,5,4,5,5,,3,82
,,,+/-,-,-,"?
2",-,-,-,-,-,-,-,-,-,-,-,,-,-,-,-,,-,"?
2"
1120's Family,,1120,1,5,5,5,5,4,5,5,5,4,5,3,4,3,4,,5,4,5,5,,3,84
,,,2,5,5,3,5,4,5,5,5,4,5,3,4,3,4,,5,4,5,5,,3,82
,,,+/-,-,-,"?
2",-,-,-,-,-,-,-,-,-,-,-,,-,-,-,-,,-,"?
2"
2341's Family,,2341,1,5,4,5,5,1,3,5,3,4,4,4,4,2,4,,4,4,4,4,,3,72
,,,2,5,4,4,5,4,4,5,4,4,5,5,3,2,4,,5,5,5,4,,3,80
,,,+/-,-,-,"?
1",-,"?
3","?
1",-,"?
1",-,"?
1","?
1","?
1",-,-,,"?
1","?
1","?
1",-,,-,"?
8"
2442's Family,,2442,1,5,5,4,5,3,4,5,3,4,5,3,3,4,3,,5,5,5,5,,3,79
,,,2,5,5,3,5,4,4,5,3,4,5,3,4,3,3,,5,5,5,4,,3,78
,,,+/-,-,-,"?
1",-,"?
1",-,-,-,-,-,-,"?
1","?
1",-,,-,-,-,"?
1",,-,"?
1"
2433's Family,,2433,1,5,5,5,5,5,5,5,5,5,5,5,3,5,3,,5,5,5,4,,3,88
,,,2,5,5,5,5,5,5,5,5,5,5,5,4,5,3,,5,5,5,4,,3,89
,,,+/-,-,-,-,-,-,-,-,-,-,-,-,"?
1",-,-,,-,-,-,-,,-,"?
1"
2341's Family,,2341,1,5,4,5,5,1,3,5,3,4,4,4,4,2,4,,4,4,4,4,,3,72
,,,2,5,4,4,5,4,4,5,4,4,5,5,3,2,4,,5,5,5,4,,3,80
,,,+/-,-,-,"?
1",-,"?
3","?
1",-,"?
1",-,"?
1","?
1","?
1",-,-,,"?
1","?
1","?
1",-,,-,"?
8"
2523's Family,,2523,1,4,5,3,4,4,3,5,3,5,5,4,4,4,2,,5,4,5,5,,3,77
,,,2,4,5,3,4,4,3,5,3,5,5,4,4,4,2,,5,4,5,5,,3,77
,,,+/-,-,-,-,-,-,-,-,-,-,-,-,-,-,-,,-,-,-,-,,-,-
2555's Family,,2555,1,5,4,4,4,4,3,5,3,5,5,4,5,5,3,,5,5,5,5,,5,84
,,,2,5,4,4,4,4,4,5,3,5,5,4,5,5,3,,5,5,5,5,,3,83
,,,+/-,-,-,-,-,-,"?
1",-,-,-,-,-,-,-,-,,-,-,-,-,,"?
2","?
1"
1159's Family,,1159,1,5,5,5,5,5,5,5,5,5,5,4,4,5,3,,5,5,5,4,,4,89
,,,2,5,5,5,4,5,5,5,5,5,5,4,4,5,3,,5,5,5,4,,4,88
,,,+/-,-,-,-,"?
1",-,-,-,-,-,-,-,-,-,-,,-,-,-,-,,-,"?
1"
2433's Family,,2433,1,5,5,5,5,5,5,5,5,5,5,5,3,5,3,,5,5,5,4,,3,88
,,,2,5,5,5,5,5,5,5,5,5,5,5,4,5,3,,5,5,5,4,,3,89
,,,+/-,-,-,-,-,-,-,-,-,-,-,-,"?
1",-,-,,-,-,-,-,,-,"?
1"
Classroom Average - Full-Day HS/Partnership,,,,,,,,,,,,,,,,,,,,,,,,,
Families w/ complete assessments:,,11,1,4.7,4.6,4.4,4.6,3.9,4,5,3.9,4.6,4.8,3.9,4,4,3.1,,4.8,4.5,4.8,4.5,,3.5,81.7
,,11,2,4.6,4.7,4.1,4.6,4,3.9,5,3.8,4.6,5,4.2,4.2,3.8,3.3,,5,4.5,5,4.1,,3.1,81.5
,,11,+/-,"?
0.1","?
0.1","?
0.3",-,"?
0.1","?
0.1",-,"?
0.1",-,"?
0.2","?
0.3","?
0.2","?
0.2","?
0.2",,"?
0.2",-,"?
0.2","?
0.4",,"?
0.5","?
0.2"
Site Average - Dyer Brook Early Education Servi,,,,,,,,,,,,,,,,,,,,,,,,,
Families w/ complete assessments:,,11,1,4.7,4.6,4.4,4.6,3.9,4,5,3.9,4.6,4.8,3.9,4,4,3.1,,4.8,4.5,4.8,4.5,,3.5,81.7
,,11,2,4.6,4.7,4.1,4.6,4,3.9,5,3.8,4.6,5,4.2,4.2,3.8,3.3,,5,4.5,5,4.1,,3.1,81.5
,,11,+/-,"?
0.1","?
0.1","?
0.3",-,"?
0.1","?
0.1",-,"?
0.1",-,"?
0.2","?
0.3","?
0.2","?
0.2","?
0.2",,"?
0.2",-,"?
0.2","?
0.4",,"?
0.5","?
0.2"
ACAP Early Education Services - Early Head Start Home Base - Central HB,,,,,,,,,,,,,,,,,,,,,,,,,
2384's Family,,2384,1,2,3,3,3,1,1,3,3,3,4,3,3,2,3,,3,2,3,2,,3,50
,,,2,3,4,3,4,3,3,5,2,3,5,5,3,4,3,,4,3,3,2,,3,65
,,,+/-,"?
1","?
1",-,"?
1","?
2","?
2","?
2","?
1",-,"?
1","?
2",-,"?
2",-,,"?
1","?
1",-,-,,-,"?
15"
1926's Family,,1926,1,4,4,4,5,1,3,5,3,4,4,4,4,4,4,,4,4,4,4,,3,72
,,,2,4,4,3,5,4,3,5,3,4,4,4,4,4,4,,4,4,4,4,,3,74
,,,+/-,-,-,"?
1",-,"?
3",-,-,-,-,-,-,-,-,-,,-,-,-,-,,-,"?
2"
2441's Family,,2441,1,5,3,3,4,4,3,4,3,4,4,4,4,5,4,,3,4,3,3,,3,70
,,,2,5,5,3,5,5,5,5,3,4,4,4,3,5,3,,4,4,3,3,,4,77
,,,+/-,-,"?
2",-,"?
1","?
1","?
2","?
1",-,-,-,-,"?
1",-,"?
1",,"?
1",-,-,-,,"?
1","?
7"
2470's Family,,2470,1,2,5,3,4,1,1,4,1,3,3,5,1,1,3,,2,3,3,4,,3,52
,,,2,5,5,3,4,3,3,5,1,4,4,3,2,3,3,,3,4,4,4,,3,66
,,,+/-,"?
3",-,-,-,"?
2","?
2","?
1",-,"?
1","?
1","?
2","?
1","?
2",-,,"?
1","?
1","?
1",-,,-,"?
14"
1926's Family,,1926,1,4,4,4,5,1,3,5,3,4,4,4,4,4,4,,4,4,4,4,,3,72
,,,2,4,4,3,5,4,3,5,3,4,4,4,4,4,4,,4,4,4,4,,3,74
,,,+/-,-,-,"?
1",-,"?
3",-,-,-,-,-,-,-,-,-,,-,-,-,-,,-,"?
2"
2359's Family,,2359,1,3,4,3,5,1,2,3,3,3,3,3,4,3,4,,4,4,3,3,,3,61
,,,2,1,3,3,3,1,3,4,3,3,3,2,2,3,3,,3,3,3,3,,3,52
,,,+/-,"?
2","?
1",-,"?
2",-,"?
1","?
1",-,-,-,"?
1","?
2",-,"?
1",,"?
1","?
1",-,-,,-,"?
9"
2479's Family,,2479,1,3,4,3,5,3,3,4,3,5,4,3,5,5,5,,5,4,5,4,,5,78
,,,2,4,4,5,5,5,5,5,4,4,4,5,4,5,4,,4,4,4,4,,3,82
,,,+/-,"?
1",-,"?
2",-,"?
2","?
2","?
1","?
1","?
1",-,"?
2","?
1",-,"?
1",,"?
1",-,"?
1",-,,"?
2","?
4"
2347's Family,,2347,1,5,5,5,5,5,5,5,5,5,5,4,5,5,5,,5,5,4,5,,5,93
,,,2,5,5,5,5,5,5,5,5,5,5,5,5,5,5,,5,5,5,4,,5,94
,,,+/-,-,-,-,-,-,-,-,-,-,-,"?
1",-,-,-,,-,-,"?
1","?
1",,-,"?
1"
2488's Family,,2488,1,2,3,3,4,3,3,4,1,3,3,2,2,3,2,,3,3,2,3,,2,51
,,,2,3,3,3,4,3,3,4,2,3,3,3,3,3,2,,3,3,3,3,,2,56
,,,+/-,"?
1",-,-,-,-,-,-,"?
1",-,-,"?
1","?
1",-,-,,-,-,"?
1",-,,-,"?
5"
2441's Family,,2441,1,5,3,3,4,4,3,4,3,4,4,4,4,5,4,,3,4,3,3,,3,70
,,,2,5,5,3,5,5,5,5,3,4,4,4,3,5,3,,4,4,3,3,,4,77
,,,+/-,-,"?
2",-,"?
1","?
1","?
2","?
1",-,-,-,-,"?
1",-,"?
1",,"?
1",-,-,-,,"?
1","?
7"
2359's Family,,2359,1,3,4,3,5,1,2,3,3,3,3,3,4,3,4,,4,4,3,3,,3,61
,,,2,1,3,3,3,1,3,4,3,3,3,2,2,3,3,,3,3,3,3,,3,52
,,,+/-,"?
2","?
1",-,"?
2",-,"?
1","?
1",-,-,-,"?
1","?
2",-,"?
1",,"?
1","?
1",-,-,,-,"?
9"
2359's Family,,2359,1,3,4,3,5,1,2,3,3,3,3,3,4,3,4,,4,4,3,3,,3,61
,,,2,1,3,3,3,1,3,4,3,3,3,2,2,3,3,,3,3,3,3,,3,52
,,,+/-,"?
2","?
1",-,"?
2",-,"?
1","?
1",-,-,-,"?
1","?
2",-,"?
1",,"?
1","?
1",-,-,,-,"?
9"
2384's Family,,2384,1,2,3,3,3,1,1,3,3,3,4,3,3,2,3,,3,2,3,2,,3,50
,,,2,3,4,3,4,3,3,5,2,3,5,5,3,4,3,,4,3,3,2,,3,65
,,,+/-,"?
1","?
1",-,"?
1","?
2","?
2","?
2","?
1",-,"?
1","?
2",-,"?
2",-,,"?
1","?
1",-,-,,-,"?
15"
2470's Family,,2470,1,2,5,3,4,1,1,4,1,3,3,5,1,1,3,,2,3,3,4,,3,52
,,,2,5,5,3,4,3,3,5,1,4,4,3,2,3,3,,3,4,4,4,,3,66
,,,+/-,"?
3",-,-,-,"?
2","?
2","?
1",-,"?
1","?
1","?
2","?
1","?
2",-,,"?
1","?
1","?
1",-,,-,"?
14"
2488's Family,,2488,1,2,3,3,4,3,3,4,1,3,3,2,2,3,2,,3,3,2,3,,2,51
,,,2,3,3,3,4,3,3,4,2,3,3,3,3,3,2,,3,3,3,3,,2,56
,,,+/-,"?
1",-,-,-,-,-,-,"?
1",-,-,"?
1","?
1",-,-,,-,-,"?
1",-,,-,"?
5"
Classroom Average - Central HB,,,,,,,,,,,,,,,,,,,,,,,,,
Families w/ complete assessments:,,8,1,3.3,3.9,3.4,4.4,2.4,2.6,4,2.8,3.8,3.8,3.5,3.5,3.5,3.8,,3.6,3.6,3.4,3.5,,3.4,65.9
,,8,2,3.8,4.1,3.5,4.4,3.6,3.8,4.8,2.9,3.8,4,3.9,3.3,4,3.4,,3.8,3.8,3.6,3.4,,3.3,70.8
,,8,+/-,"?
0.5","?
0.3","?
0.1",-,"?
1.3","?
1.1","?
0.8","?
0.1",-,"?
0.3","?
0.4","?
0.3","?
0.5","?
0.4",,"?
0.1","?
0.1","?
0.3","?
0.1",,"?
0.1","?
4.9"
Site Average - Early Head Start Home Base,,,,,,,,,,,,,,,,,,,,,,,,,
Families w/ complete assessments:,,8,1,3.3,3.9,3.4,4.4,2.4,2.6,4,2.8,3.8,3.8,3.5,3.5,3.5,3.8,,3.6,3.6,3.4,3.5,,3.4,65.9
,,8,2,3.8,4.1,3.5,4.4,3.6,3.8,4.8,2.9,3.8,4,3.9,3.3,4,3.4,,3.8,3.8,3.6,3.4,,3.3,70.8
,,8,+/-,"?
0.5","?
0.3","?
0.1",-,"?
1.3","?
1.1","?
0.8","?
0.1",-,"?
0.3","?
0.4","?
0.3","?
0.5","?
0.4",,"?
0.1","?
0.1","?
0.3","?
0.1",,"?
0.1","?
4.9"
ACAP Early Education Services - Fort Kent Early Education Servic - Collaboration HS-partners,,,,,,,,,,,,,,,,,,,,,,,,,
1744's Family,,1744,1,3,4,3,2,3,4,4,2,4,4,2,4,3,3,,3,3,4,3,,3,61
,,,2,3,4,3,3,4,4,4,3,4,4,5,5,3,4,,4,4,4,3,,3,71
,,,+/-,-,-,-,"?
1","?
1",-,-,"?
1",-,-,"?
3","?
1",-,"?
1",,"?
1","?
1",-,-,,-,"?
10"
1408's Family,,1408,1,3,4,3,4,2,3,4,3,3,4,4,3,4,3,,3,3,3,3,,3,62
,,,2,4,4,3,4,4,4,4,3,4,4,5,4,4,5,,4,4,4,4,,3,75
,,,+/-,"?
1",-,-,-,"?
2","?
1",-,-,"?
1",-,"?
1","?
1",-,"?
2",,"?
1","?
1","?
1","?
1",,-,"?
13"
1408's Family,,1408,1,3,4,3,4,2,3,4,3,3,4,4,3,4,3,,3,3,3,3,,3,62
,,,2,4,4,3,4,4,4,4,3,4,4,5,4,4,5,,4,4,4,4,,3,75
,,,+/-,"?
1",-,-,-,"?
2","?
1",-,-,"?
1",-,"?
1","?
1",-,"?
2",,"?
1","?
1","?
1","?
1",,-,"?
13"
2330's Family,,2330,1,4,4,3,2,2,3,2,2,3,3,3,3,3,2,,3,3,3,3,,3,54
,,,2,3,4,3,2,1,3,4,3,4,4,3,4,3,4,,3,3,4,3,,3,61
,,,+/-,"?
1",-,-,-,"?
1",-,"?
2","?
1","?
1","?
1",-,"?
1",-,"?
2",,-,-,"?
1",-,,-,"?
7"
2367's Family,,2367,1,3,4,4,3,2,3,4,3,4,4,4,3,4,4,,3,3,4,4,,3,66
,,,2,3,4,4,5,3,4,4,4,4,4,4,3,3,4,,4,4,4,4,,4,73
,,,+/-,-,-,-,"?
2","?
1","?
1",-,"?
1",-,-,-,-,"?
1",-,,"?
1","?
1",-,-,,"?
1","?
7"
2347's Family,,2347,1,5,5,5,5,5,5,5,5,5,5,4,5,5,5,,5,5,4,5,,5,93
,,,2,5,5,5,5,5,5,5,5,5,5,5,5,5,5,,5,5,5,4,,5,94
,,,+/-,-,-,-,-,-,-,-,-,-,-,"?
1",-,-,-,,-,-,"?
1","?
1",,-,"?
1"
2334's Family,,2334,1,5,4,5,4,4,5,5,4,4,5,5,4,3,4,,5,4,4,5,,3,82
,,,2,5,5,5,5,4,5,5,5,5,4,5,4,4,4,,5,5,5,5,,3,88
,,,+/-,-,"?
1",-,"?
1",-,-,-,"?
1","?
1","?
1",-,-,"?
1",-,,-,"?
1","?
1",-,,-,"?
6"
2441's Family,,2441,1,5,3,3,4,4,3,4,3,4,4,4,4,5,4,,3,4,3,3,,3,70
,,,2,5,5,3,5,5,5,5,3,4,4,4,3,5,3,,4,4,3,3,,4,77
,,,+/-,-,"?
2",-,"?
1","?
1","?
2","?
1",-,-,-,-,"?
1",-,"?
1",,"?
1",-,-,-,,"?
1","?
7"
2334's Family,,2334,1,5,4,5,4,4,5,5,4,4,5,5,4,3,4,,5,4,4,5,,3,82
,,,2,5,5,5,5,4,5,5,5,5,4,5,4,4,4,,5,5,5,5,,3,88
,,,+/-,-,"?
1",-,"?
1",-,-,-,"?
1","?
1","?
1",-,-,"?
1",-,,-,"?
1","?
1",-,,-,"?
6"
2348's Family,,2348,1,4,3,3,5,4,4,4,3,4,5,5,4,3,4,,4,4,3,5,,4,75
,,,2,5,5,5,5,4,5,5,3,5,5,4,5,4,5,,5,4,5,5,,5,89
,,,+/-,"?
1","?
2","?
2",-,-,"?
1","?
1",-,"?
1",-,"?
1","?
1","?
1","?
1",,"?
1",-,"?
2",-,,"?
1","?
14"
2576's Family,,2576,1,5,3,5,5,4,4,5,4,5,5,5,5,4,3,,4,5,5,5,,4,85
,,,2,5,4,5,5,5,5,5,5,5,5,5,5,5,5,,4,4,5,4,,5,91
,,,+/-,-,"?
1",-,-,"?
1","?
1",-,"?
1",-,-,-,-,"?
1","?
2",,-,"?
1",-,"?
1",,"?
1","?
6"
2527's Family,,2527,1,2,3,3,3,2,3,4,3,4,5,3,3,3,2,,5,3,4,3,,3,61
,,,2,3,5,3,4,2,4,5,3,4,4,4,4,4,4,,4,4,4,3,,3,71
,,,+/-,"?
1","?
2",-,"?
1",-,"?
1","?
1",-,-,"?
1","?
1","?
1","?
1","?
2",,"?
1","?
1",-,-,,-,"?
10"
Classroom Average - Collaboration HS-partners,,,,,,,,,,,,,,,,,,,,,,,,,
Families w/ complete assessments:,,10,1,3.9,3.7,3.7,3.7,3.2,3.7,4.1,3.2,4,4.4,3.9,3.8,3.7,3.4,,3.8,3.7,3.7,3.9,,3.4,70.9
,,10,2,4.1,4.5,3.9,4.3,3.7,4.4,4.6,3.7,4.4,4.3,4.4,4.2,4,4.3,,4.2,4.1,4.3,3.8,,3.8,79
,,10,+/-,"?
0.2","?
0.8","?
0.2","?
0.6","?
0.5","?
0.7","?
0.5","?
0.5","?
0.4","?
0.1","?
0.5","?
0.4","?
0.3","?
0.9",,"?
0.4","?
0.4","?
0.6","?
0.1",,"?
0.4","?
8.1"
Site Average - Fort Kent Early Education Servic,,,,,,,,,,,,,,,,,,,,,,,,,
Families w/ complete assessments:,,10,1,3.9,3.7,3.7,3.7,3.2,3.7,4.1,3.2,4,4.4,3.9,3.8,3.7,3.4,,3.8,3.7,3.7,3.9,,3.4,70.9
,,10,2,4.1,4.5,3.9,4.3,3.7,4.4,4.6,3.7,4.4,4.3,4.4,4.2,4,4.3,,4.2,4.1,4.3,3.8,,3.8,79
,,10,+/-,"?
0.2","?
0.8","?
0.2","?
0.6","?
0.5","?
0.7","?
0.5","?
0.5","?
0.4","?
0.1","?
0.5","?
0.4","?
0.3","?
0.9",,"?
0.4","?
0.4","?
0.6","?
0.1",,"?
0.4","?
8.1"
ACAP Early Education Services - Gouldville Early Education Servi - AM Collaboration,,,,,,,,,,,,,,,,,,,,,,,,,
1926's Family,,1926,1,4,4,4,5,1,3,5,3,4,4,4,4,4,4,,4,4,4,4,,3,72
,,,2,4,4,3,5,4,3,5,3,4,4,4,4,4,4,,4,4,4,4,,3,74
,,,+/-,-,-,"?
1",-,"?
3",-,-,-,-,-,-,-,-,-,,-,-,-,-,,-,"?
2"
1926's Family,,1926,1,4,4,4,5,1,3,5,3,4,4,4,4,4,4,,4,4,4,4,,3,72
,,,2,4,4,3,5,4,3,5,3,4,4,4,4,4,4,,4,4,4,4,,3,74
,,,+/-,-,-,"?
1",-,"?
3",-,-,-,-,-,-,-,-,-,,-,-,-,-,,-,"?
2"
1816's Family,,1816,1,3,3,3,3,1,3,4,3,3,3,4,3,4,3,,4,3,4,2,,3,59
,,,2,3,3,3,3,1,3,4,3,3,3,4,3,4,3,,4,3,4,2,,3,59
,,,+/-,-,-,-,-,-,-,-,-,-,-,-,-,-,-,,-,-,-,-,,-,-
1328's Family,,1328,1,5,4,3,5,4,4,4,3,4,4,3,4,3,4,,4,4,4,5,,3,74
,,,2,5,4,3,5,4,4,4,3,4,4,3,4,4,4,,4,4,4,5,,3,75
,,,+/-,-,-,-,-,-,-,-,-,-,-,-,-,"?
1",-,,-,-,-,-,,-,"?
1"
Classroom Average - AM Collaboration,,,,,,,,,,,,,,,,,,,,,,,,,
Families w/ complete assessments:,,3,1,4,3.7,3.3,4.3,2,3.3,4.3,3,3.7,3.7,3.7,3.7,3.7,3.7,,4,3.7,4,3.7,,3,68.3
,,3,2,4,3.7,3,4.3,3,3.3,4.3,3,3.7,3.7,3.7,3.7,4,3.7,,4,3.7,4,3.7,,3,69.3
,,3,+/-,-,-,"?
0.3",-,"?
1",-,-,-,-,-,-,-,"?
0.3",-,,-,-,-,-,,-,"?
1"
ACAP Early Education Services - Gouldville Early Education Servi - Collaboration HS Full-Day,,,,,,,,,,,,,,,,,,,,,,,,,
2466's Family,,2466,1,4,3,3,2,1,3,4,3,3,4,3,3,3,3,,4,3,3,3,,3,58
,,,2,4,3,3,2,1,3,4,3,3,3,3,3,2,3,,4,3,3,3,,3,56
,,,+/-,-,-,-,-,-,-,-,-,-,"?
1",-,-,"?
1",-,,-,-,-,-,,-,"?
2"
2144's Family,,2144,1,3,4,3,4,4,3,4,3,3,3,4,4,4,4,,4,4,3,3,,3,67
,,,2,4,4,3,4,4,3,4,3,3,3,4,4,4,4,,4,4,3,3,,3,68
,,,+/-,"?
1",-,-,-,-,-,-,-,-,-,-,-,-,-,,-,-,-,-,,-,"?
1"
2374's Family,,2374,1,5,5,4,5,5,4,5,4,4,4,3,4,5,3,,4,4,4,4,,3,79
,,,2,5,5,5,5,4,5,5,4,4,4,4,4,5,3,,4,4,4,4,,3,81
,,,+/-,-,-,"?
1",-,"?
1","?
1",-,-,-,-,"?
1",-,-,-,,-,-,-,-,,-,"?
2"
2375's Family,,2375,1,4,3,3,4,4,4,4,3,3,3,4,2,3,2,,2,3,2,2,,2,57
,,,2,3,3,3,4,1,4,2,3,2,3,4,2,3,2,,2,3,2,2,,2,50
,,,+/-,"?
1",-,-,-,"?
3",-,"?
2",-,"?
1",-,-,-,-,-,,-,-,-,-,,-,"?
7"
1984's Family,,1984,1,4,3,3,4,3,3,3,3,3,3,5,2,3,2,,3,3,3,2,,2,57
,,,2,4,3,3,4,3,4,3,3,3,3,5,3,4,3,,3,3,3,2,,2,61
,,,+/-,-,-,-,-,-,"?
1",-,-,-,-,-,"?
1","?
1","?
1",,-,-,-,-,,-,"?
4"
2142's Family,,2142,1,4,4,4,4,4,4,4,4,4,4,4,4,4,4,,4,4,4,4,,4,76
,,,2,3,3,3,4,3,3,4,3,3,4,5,4,4,4,,4,3,4,3,,4,68
,,,+/-,"?
1","?
1","?
1",-,"?
1","?
1",-,"?
1","?
1",-,"?
1",-,-,-,,-,"?
1",-,"?
1",,-,"?
8"
1514's Family,,1514,1,3,3,3,4,3,3,4,3,4,3,4,2,2,2,,3,3,4,3,,3,59
,,,2,3,3,3,4,3,3,4,3,4,3,4,3,2,2,,3,4,4,4,,3,62
,,,+/-,-,-,-,-,-,-,-,-,-,-,-,"?
1",-,-,,-,"?
1",-,"?
1",,-,"?
3"
2045's Family,,2045,1,3,3,3,2,1,3,3,2,2,2,3,2,3,2,,2,2,1,2,,1,42
,,,2,1,3,3,2,1,3,2,2,2,2,3,2,2,2,,2,2,1,2,,1,38
,,,+/-,"?
2",-,-,-,-,-,"?
1",-,-,-,-,-,"?
1",-,,-,-,-,-,,-,"?
4"
2045's Family,,2045,1,3,3,3,2,1,3,3,2,2,2,3,2,3,2,,2,2,1,2,,1,42
,,,2,1,3,3,2,1,3,2,2,2,2,3,2,2,2,,2,2,1,2,,1,38
,,,+/-,"?
2",-,-,-,-,-,"?
1",-,-,-,-,-,"?
1",-,,-,-,-,-,,-,"?
4"
2141's Family,,2141,1,4,4,4,4,4,4,4,3,4,5,3,4,3,3,,4,4,4,4,,2,71
,,,2,3,4,3,3,2,3,4,3,4,4,4,4,3,3,,4,4,4,2,,2,63
,,,+/-,"?
1",-,"?
1","?
1","?
2","?
1",-,-,-,"?
1","?
1",-,-,-,,-,-,-,"?
2",,-,"?
8"
2349's Family,,2349,1,3,3,3,4,3,3,4,3,3,4,3,4,4,3,,4,4,4,4,,4,67
,,,2,3,3,3,4,3,3,4,3,4,4,4,4,4,3,,4,4,4,4,,4,69
,,,+/-,-,-,-,-,-,-,-,-,"?
1",-,"?
1",-,-,-,,-,-,-,-,,-,"?
2"
2349's Family,,2349,1,3,3,3,4,3,3,4,3,3,4,3,4,4,3,,4,4,4,4,,4,67
,,,2,3,3,3,4,3,3,4,3,4,4,4,4,4,3,,4,4,4,4,,4,69
,,,+/-,-,-,-,-,-,-,-,-,"?
1",-,"?
1",-,-,-,,-,-,-,-,,-,"?
2"
2375's Family,,2375,1,4,3,3,4,4,4,4,3,3,3,4,2,3,2,,2,3,2,2,,2,57
,,,2,3,3,3,4,1,4,2,3,2,3,4,2,3,2,,2,3,2,2,,2,50
,,,+/-,"?
1",-,-,-,"?
3",-,"?
2",-,"?
1",-,-,-,-,-,,-,-,-,-,,-,"?
7"
2521's Family,,2521,1,3,3,3,3,2,3,3,3,4,4,4,4,3,3,,4,3,4,3,,3,62
,,,2,4,3,3,2,3,4,4,3,4,4,4,4,3,4,,4,4,4,4,,4,69
,,,+/-,"?
1",-,-,"?
1","?
1","?
1","?
1",-,-,-,-,-,-,"?
1",,-,"?
1",-,"?
1",,"?
1","?
7"
2516's Family,,2516,1,3,3,3,4,3,3,4,3,4,4,5,4,4,2,,4,3,4,3,,3,66
,,,2,3,3,3,4,3,3,4,3,4,4,5,5,4,4,,5,4,4,4,,4,73
,,,+/-,-,-,-,-,-,-,-,-,-,-,-,"?
1",-,"?
2",,"?
1","?
1",-,"?
1",,"?
1","?
7"
Classroom Average - Collaboration HS Full-Day,,,,,,,,,,,,,,,,,,,,,,,,,
Families w/ complete assessments:,,12,1,3.6,3.4,3.3,3.7,3.1,3.3,3.8,3.1,3.4,3.6,3.8,3.3,3.4,2.8,,3.5,3.3,3.3,3.1,,2.8,63.4
,,12,2,3.3,3.3,3.2,3.5,2.6,3.4,3.7,3,3.3,3.4,4.1,3.5,3.3,3.1,,3.6,3.5,3.3,3.1,,2.9,63.2
,,12,+/-,"?
0.3","?
0.1","?
0.1","?
0.2","?
0.5","?
0.1","?
0.2","?
0.1","?
0.1","?
0.2","?
0.3","?
0.3","?
0.1","?
0.3",,"?
0.1","?
0.2",-,-,,"?
0.2","?
0.3"
ACAP Early Education Services - Gouldville Early Education Servi - EHS,,,,,,,,,,,,,,,,,,,,,,,,,
2141's Family,,2141,1,4,4,4,4,4,4,4,3,4,5,3,4,3,3,,4,4,4,4,,2,71
,,,2,3,4,3,3,2,3,4,3,4,4,4,4,3,3,,4,4,4,2,,2,63
,,,+/-,"?
1",-,"?
1","?
1","?
2","?
1",-,-,-,"?
1","?
1",-,-,-,,-,-,-,"?
2",,-,"?
8"
2374's Family,,2374,1,5,5,4,5,5,4,5,4,4,4,3,4,5,3,,4,4,4,4,,3,79
,,,2,5,5,5,5,4,5,5,4,4,4,4,4,5,3,,4,4,4,4,,3,81
,,,+/-,-,-,"?
1",-,"?
1","?
1",-,-,-,-,"?
1",-,-,-,,-,-,-,-,,-,"?
2"
2490's Family,,2490,1,3,3,3,1,1,2,3,3,3,3,4,2,2,2,,3,3,2,2,,2,47
,,,2,3,3,3,3,3,3,4,3,3,3,4,3,3,3,,3,3,3,3,,3,59
,,,+/-,-,-,-,"?
2","?
2","?
1","?
1",-,-,-,-,"?
1","?
1","?
1",,-,-,"?
1","?
1",,"?
1","?
12"
1936's Family,,1936,1,3,3,3,3,3,3,4,3,3,3,2,3,3,3,,3,3,3,3,,3,57
,,,2,2,3,3,2,1,3,3,3,3,3,2,3,3,3,,3,2,3,3,,3,51
,,,+/-,"?
1",-,-,"?
1","?
2",-,"?
1",-,-,-,-,-,-,-,,-,"?
1",-,-,,-,"?
6"
2142's Family,,2142,1,4,4,4,4,4,4,4,4,4,4,4,4,4,4,,4,4,4,4,,4,76
,,,2,3,3,3,4,3,3,4,3,3,4,5,4,4,4,,4,3,4,3,,4,68
,,,+/-,"?
1","?
1","?
1",-,"?
1","?
1",-,"?
1","?
1",-,"?
1",-,-,-,,-,"?
1",-,"?
1",,-,"?
8"
2349's Family,,2349,1,3,3,3,4,3,3,4,3,3,4,3,4,4,3,,4,4,4,4,,4,67
,,,2,3,3,3,4,3,3,4,3,4,4,4,4,4,3,,4,4,4,4,,4,69
,,,+/-,-,-,-,-,-,-,-,-,"?
1",-,"?
1",-,-,-,,-,-,-,-,,-,"?
2"
2311's Family,,2311,1,4,4,4,4,3,3,5,3,4,4,4,3,3,3,,3,3,4,2,,2,65
,,,2,4,4,4,4,4,3,5,3,4,4,4,3,3,3,,3,3,4,2,,2,66
,,,+/-,-,-,-,-,"?
1",-,-,-,-,-,-,-,-,-,,-,-,-,-,,-,"?
1"
2505's Family,,2505,1,2,2,3,3,3,3,4,3,4,4,5,3,4,4,,3,3,3,3,,3,62
,,,2,2,3,3,3,4,3,4,3,4,4,5,3,4,4,,3,4,4,3,,3,66
,,,+/-,-,"?
1",-,-,"?
1",-,-,-,-,-,-,-,-,-,,-,"?
1","?
1",-,,-,"?
4"
Classroom Average - EHS,,,,,,,,,,,,,,,,,,,,,,,,,
Families w/ complete assessments:,,8,1,3.5,3.5,3.5,3.5,3.3,3.3,4.1,3.3,3.6,3.9,3.5,3.4,3.5,3.1,,3.5,3.5,3.5,3.3,,2.9,65.5
,,8,2,3.1,3.5,3.4,3.5,3,3.3,4.1,3.1,3.6,3.8,4,3.5,3.6,3.3,,3.5,3.4,3.8,3,,3,65.4
,,8,+/-,"?
0.4",-,"?
0.1",-,"?
0.3",-,-,"?
0.1",-,"?
0.1","?
0.5","?
0.1","?
0.1","?
0.1",,-,"?
0.1","?
0.3","?
0.3",,"?
0.1","?
0.1"
ACAP Early Education Services - Gouldville Early Education Servi - EHS 1,,,,,,,,,,,,,,,,,,,,,,,,,
1422's Family,,1422,1,3,4,3,4,3,4,4,3,4,3,4,4,2,3,,3,3,4,3,,3,64
,,,2,3,4,3,4,3,4,4,3,4,3,4,4,2,3,,3,3,4,3,,3,64
,,,+/-,-,-,-,-,-,-,-,-,-,-,-,-,-,-,,-,-,-,-,,-,-
1410's Family,,1410,1,3,4,3,4,4,3,4,3,4,4,5,5,5,4,,5,4,4,4,,4,76
,,,2,3,4,3,4,4,3,4,3,4,4,5,5,5,4,,5,4,4,4,,4,76
,,,+/-,-,-,-,-,-,-,-,-,-,-,-,-,-,-,,-,-,-,-,,-,-
1882's Family,,1882,1,5,4,3,4,4,4,4,3,4,4,4,4,3,3,,4,4,4,3,,3,71
,,,2,5,4,3,4,4,4,4,3,4,4,4,4,3,3,,4,4,4,3,,3,71
,,,+/-,-,-,-,-,-,-,-,-,-,-,-,-,-,-,,-,-,-,-,,-,-
Classroom Average - EHS 1,,,,,,,,,,,,,,,,,,,,,,,,,
Families w/ complete assessments:,,3,1,3.7,4,3,4,3.7,3.7,4,3,4,3.7,4.3,4.3,3.3,3.3,,4,3.7,4,3.3,,3.3,70.3
,,3,2,3.7,4,3,4,3.7,3.7,4,3,4,3.7,4.3,4.3,3.3,3.3,,4,3.7,4,3.3,,3.3,70.3
,,3,+/-,-,-,-,-,-,-,-,-,-,-,-,-,-,-,,-,-,-,-,,-,-
ACAP Early Education Services - Gouldville Early Education Servi - EHS 2,,,,,,,,,,,,,,,,,,,,,,,,,
2311's Family,,2311,1,4,4,4,4,3,3,5,3,4,4,4,3,3,3,,3,3,4,2,,2,65
,,,2,4,4,4,4,4,3,5,3,4,4,4,3,3,3,,3,3,4,2,,2,66
,,,+/-,-,-,-,-,"?
1",-,-,-,-,-,-,-,-,-,,-,-,-,-,,-,"?
1"
1990's Family,,1990,1,3,3,3,2,2,3,4,3,4,4,3,3,3,3,,4,3,4,4,,3,61
,,,2,3,3,3,2,2,3,4,3,4,4,3,3,3,3,,4,3,4,4,,3,61
,,,+/-,-,-,-,-,-,-,-,-,-,-,-,-,-,-,,-,-,-,-,,-,-
Classroom Average - EHS 2,,,,,,,,,,,,,,,,,,,,,,,,,
Families w/ complete assessments:,,2,1,3.5,3.5,3.5,3,2.5,3,4.5,3,4,4,3.5,3,3,3,,3.5,3,4,3,,2.5,63
,,2,2,3.5,3.5,3.5,3,3,3,4.5,3,4,4,3.5,3,3,3,,3.5,3,4,3,,2.5,63.5
,,2,+/-,-,-,-,-,"?
0.5",-,-,-,-,-,-,-,-,-,,-,-,-,-,,-,"?
0.5"
ACAP Early Education Services - Gouldville Early Education Servi - Infant Child Care,,,,,,,,,,,,,,,,,,,,,,,,,
2521's Family,,2521,1,3,3,3,3,2,3,3,3,4,4,4,4,3,3,,4,3,4,3,,3,62
,,,2,4,3,3,2,3,4,4,3,4,4,4,4,3,4,,4,4,4,4,,4,69
,,,+/-,"?
1",-,-,"?
1","?
1","?
1","?
1",-,-,-,-,-,-,"?
1",,-,"?
1",-,"?
1",,"?
1","?
7"
1936's Family,,1936,1,3,3,3,3,3,3,4,3,3,3,2,3,3,3,,3,3,3,3,,3,57
,,,2,2,3,3,2,1,3,3,3,3,3,2,3,3,3,,3,2,3,3,,3,51
,,,+/-,"?
1",-,-,"?
1","?
2",-,"?
1",-,-,-,-,-,-,-,,-,"?
1",-,-,,-,"?
6"
2488's Family,,2488,1,2,3,3,4,3,3,4,1,3,3,2,2,3,2,,3,3,2,3,,2,51
,,,2,3,3,3,4,3,3,4,2,3,3,3,3,3,2,,3,3,3,3,,2,56
,,,+/-,"?
1",-,-,-,-,-,-,"?
1",-,-,"?
1","?
1",-,-,,-,-,"?
1",-,,-,"?
5"
2349's Family,,2349,1,3,3,3,4,3,3,4,3,3,4,3,4,4,3,,4,4,4,4,,4,67
,,,2,3,3,3,4,3,3,4,3,4,4,4,4,4,3,,4,4,4,4,,4,69
,,,+/-,-,-,-,-,-,-,-,-,"?
1",-,"?
1",-,-,-,,-,-,-,-,,-,"?
2"
2505's Family,,2505,1,2,2,3,3,3,3,4,3,4,4,5,3,4,4,,3,3,3,3,,3,62
,,,2,2,3,3,3,4,3,4,3,4,4,5,3,4,4,,3,4,4,3,,3,66
,,,+/-,-,"?
1",-,-,"?
1",-,-,-,-,-,-,-,-,-,,-,"?
1","?
1",-,,-,"?
4"
Classroom Average - Infant Child Care,,,,,,,,,,,,,,,,,,,,,,,,,
Families w/ complete assessments:,,5,1,2.6,2.8,3,3.4,2.8,3,3.8,2.6,3.4,3.6,3.2,3.2,3.4,3,,3.4,3.2,3.2,3.2,,3,59.8
,,5,2,2.8,3,3,3,2.8,3.2,3.8,2.8,3.6,3.6,3.6,3.4,3.4,3.2,,3.4,3.4,3.6,3.4,,3.2,62.2
,,5,+/-,"?
0.2","?
0.2",-,"?
0.4",-,"?
0.2",-,"?
0.2","?
0.2",-,"?
0.4","?
0.2",-,"?
0.2",,-,"?
0.2","?
0.4","?
0.2",,"?
0.2","?
2.4"
ACAP Early Education Services - Gouldville Early Education Servi - Preschool 1 Child Care,,,,,,,,,,,,,,,,,,,,,,,,,
2141's Family,,2141,1,4,4,4,4,4,4,4,3,4,5,3,4,3,3,,4,4,4,4,,2,71
,,,2,3,4,3,3,2,3,4,3,4,4,4,4,3,3,,4,4,4,2,,2,63
,,,+/-,"?
1",-,"?
1","?
1","?
2","?
1",-,-,-,"?
1","?
1",-,-,-,,-,-,-,"?
2",,-,"?
8"
2374's Family,,2374,1,5,5,4,5,5,4,5,4,4,4,3,4,5,3,,4,4,4,4,,3,79
,,,2,5,5,5,5,4,5,5,4,4,4,4,4,5,3,,4,4,4,4,,3,81
,,,+/-,-,-,"?
1",-,"?
1","?
1",-,-,-,-,"?
1",-,-,-,,-,-,-,-,,-,"?
2"
1882's Family,,1882,1,5,4,3,4,4,4,4,3,4,4,4,4,3,3,,4,4,4,3,,3,71
,,,2,5,4,3,4,4,4,4,3,4,4,4,4,3,3,,4,4,4,3,,3,71
,,,+/-,-,-,-,-,-,-,-,-,-,-,-,-,-,-,,-,-,-,-,,-,-
2388's Family,,2388,1,4,4,4,5,4,4,5,3,5,5,5,4,5,3,,5,4,4,3,,4,80
,,,2,4,4,4,5,4,4,4,3,5,5,5,4,5,3,,5,4,4,3,,4,79
,,,+/-,-,-,-,-,-,-,"?
1",-,-,-,-,-,-,-,,-,-,-,-,,-,"?
1"
Classroom Average - Preschool 1 Child Care,,,,,,,,,,,,,,,,,,,,,,,,,
Families w/ complete assessments:,,4,1,4.5,4.3,3.8,4.5,4.3,4,4.5,3.3,4.3,4.5,3.8,4,4,3,,4.3,4,4,3.5,,3,75.3
,,4,2,4.3,4.3,3.8,4.3,3.5,4,4.3,3.3,4.3,4.3,4.3,4,4,3,,4.3,4,4,3,,3,73.5
,,4,+/-,"?
0.3",-,-,"?
0.3","?
0.8",-,"?
0.3",-,-,"?
0.3","?
0.5",-,-,-,,-,-,-,"?
0.5",,-,"?
1.8"
ACAP Early Education Services - Gouldville Early Education Servi - Preschool 2 Child Care,,,,,,,,,,,,,,,,,,,,,,,,,
2142's Family,,2142,1,4,4,4,4,4,4,4,4,4,4,4,4,4,4,,4,4,4,4,,4,76
,,,2,3,3,3,4,3,3,4,3,3,4,5,4,4,4,,4,3,4,3,,4,68
,,,+/-,"?
1","?
1","?
1",-,"?
1","?
1",-,"?
1","?
1",-,"?
1",-,-,-,,-,"?
1",-,"?
1",,-,"?
8"
2045's Family,,2045,1,3,3,3,2,1,3,3,2,2,2,3,2,3,2,,2,2,1,2,,1,42
,,,2,1,3,3,2,1,3,2,2,2,2,3,2,2,2,,2,2,1,2,,1,38
,,,+/-,"?
2",-,-,-,-,-,"?
1",-,-,-,-,-,"?
1",-,,-,-,-,-,,-,"?
4"
2045's Family,,2045,1,3,3,3,2,1,3,3,2,2,2,3,2,3,2,,2,2,1,2,,1,42
,,,2,1,3,3,2,1,3,2,2,2,2,3,2,2,2,,2,2,1,2,,1,38
,,,+/-,"?
2",-,-,-,-,-,"?
1",-,-,-,-,-,"?
1",-,,-,-,-,-,,-,"?
4"
2349's Family,,2349,1,3,3,3,4,3,3,4,3,3,4,3,4,4,3,,4,4,4,4,,4,67
,,,2,3,3,3,4,3,3,4,3,4,4,4,4,4,3,,4,4,4,4,,4,69
,,,+/-,-,-,-,-,-,-,-,-,"?
1",-,"?
1",-,-,-,,-,-,-,-,,-,"?
2"
2222's Family,,2222,1,4,4,4,5,4,4,5,4,4,4,4,4,4,4,,4,4,4,4,,4,78
,,,2,4,4,4,5,4,4,5,4,4,4,4,4,4,4,,4,4,4,4,,4,78
,,,+/-,-,-,-,-,-,-,-,-,-,-,-,-,-,-,,-,-,-,-,,-,-
2521's Family,,2521,1,3,3,3,3,2,3,3,3,4,4,4,4,3,3,,4,3,4,3,,3,62
,,,2,4,3,3,2,3,4,4,3,4,4,4,4,3,4,,4,4,4,4,,4,69
,,,+/-,"?
1",-,-,"?
1","?
1","?
1","?
1",-,-,-,-,-,-,"?
1",,-,"?
1",-,"?
1",,"?
1","?
7"
1897's Family,,1897,1,3,4,3,2,2,3,4,2,3,4,4,4,3,2,,4,4,3,4,,3,61
,,,2,3,4,3,3,3,3,4,2,4,4,4,4,4,3,,4,4,3,4,,3,66
,,,+/-,-,-,-,"?
1","?
1",-,-,-,"?
1",-,-,-,"?
1","?
1",,-,-,-,-,,-,"?
5"
1897's Family,,1897,1,3,4,3,2,2,3,4,2,3,4,4,4,3,2,,4,4,3,4,,3,61
,,,2,3,4,3,3,3,3,4,2,4,4,4,4,4,3,,4,4,3,4,,3,66
,,,+/-,-,-,-,"?
1","?
1",-,-,-,"?
1",-,-,-,"?
1","?
1",,-,-,-,-,,-,"?
5"
1410's Family,,1410,1,3,4,3,4,4,3,4,3,4,4,5,5,5,4,,5,4,4,4,,4,76
,,,2,3,4,3,4,4,3,4,3,4,4,5,5,5,4,,5,4,4,4,,4,76
,,,+/-,-,-,-,-,-,-,-,-,-,-,-,-,-,-,,-,-,-,-,,-,-
1410's Family,,1410,1,3,4,3,4,4,3,4,3,4,4,5,5,5,4,,5,4,4,4,,4,76
,,,2,3,4,3,4,4,3,4,3,4,4,5,5,5,4,,5,4,4,4,,4,76
,,,+/-,-,-,-,-,-,-,-,-,-,-,-,-,-,-,,-,-,-,-,,-,-
2091's Family,,2091,1,3,2,3,3,3,3,4,2,3,3,4,3,3,2,,3,3,2,3,,3,55
,,,2,3,3,3,3,4,3,4,2,3,3,4,3,3,3,,3,3,3,3,,3,59
,,,+/-,-,"?
1",-,-,"?
1",-,-,-,-,-,-,-,-,"?
1",,-,-,"?
1",-,,-,"?
4"
Classroom Average - Preschool 2 Child Care,,,,,,,,,,,,,,,,,,,,,,,,,
Families w/ complete assessments:,,8,1,3.3,3.4,3.3,3.4,2.9,3.3,3.9,2.9,3.4,3.6,3.9,3.8,3.6,3,,3.8,3.5,3.3,3.5,,3.3,64.6
,,8,2,3,3.4,3.1,3.4,3.1,3.3,3.9,2.8,3.5,3.6,4.1,3.8,3.6,3.4,,3.8,3.5,3.4,3.5,,3.4,65.4
,,8,+/-,"?
0.3",-,"?
0.1",-,"?
0.3",-,-,"?
0.1","?
0.1",-,"?
0.3",-,-,"?
0.4",,-,-,"?
0.1",-,,"?
0.1","?
0.8"
ACAP Early Education Services - Gouldville Early Education Servi - Special Ed/Foundation,,,,,,,,,,,,,,,,,,,,,,,,,
1936's Family,,1936,1,3,3,3,3,3,3,4,3,3,3,2,3,3,3,,3,3,3,3,,3,57
,,,2,2,3,3,2,1,3,3,3,3,3,2,3,3,3,,3,2,3,3,,3,51
,,,+/-,"?
1",-,-,"?
1","?
2",-,"?
1",-,-,-,-,-,-,-,,-,"?
1",-,-,,-,"?
6"
1936's Family,,1936,1,3,3,3,3,3,3,4,3,3,3,2,3,3,3,,3,3,3,3,,3,57
,,,2,2,3,3,2,1,3,3,3,3,3,2,3,3,3,,3,2,3,3,,3,51
,,,+/-,"?
1",-,-,"?
1","?
2",-,"?
1",-,-,-,-,-,-,-,,-,"?
1",-,-,,-,"?
6"
1816's Family,,1816,1,3,3,3,3,1,3,4,3,3,3,4,3,4,3,,4,3,4,2,,3,59
,,,2,3,3,3,3,1,3,4,3,3,3,4,3,4,3,,4,3,4,2,,3,59
,,,+/-,-,-,-,-,-,-,-,-,-,-,-,-,-,-,,-,-,-,-,,-,-
1816's Family,,1816,1,3,3,3,3,1,3,4,3,3,3,4,3,4,3,,4,3,4,2,,3,59
,,,2,3,3,3,3,1,3,4,3,3,3,4,3,4,3,,4,3,4,2,,3,59
,,,+/-,-,-,-,-,-,-,-,-,-,-,-,-,-,-,,-,-,-,-,,-,-
2141's Family,,2141,1,4,4,4,4,4,4,4,3,4,5,3,4,3,3,,4,4,4,4,,2,71
,,,2,3,4,3,3,2,3,4,3,4,4,4,4,3,3,,4,4,4,2,,2,63
,,,+/-,"?
1",-,"?
1","?
1","?
2","?
1",-,-,-,"?
1","?
1",-,-,-,,-,-,-,"?
2",,-,"?
8"
2591's Family,,2591,1,3,3,3,1,2,3,3,3,3,3,4,2,3,3,,3,3,2,3,,2,52
,,,2,3,3,3,2,2,3,3,3,3,3,4,2,3,3,,3,3,3,3,,3,55
,,,+/-,-,-,-,"?
1",-,-,-,-,-,-,-,-,-,-,,-,-,"?
1",-,,"?
1","?
3"
2222's Family,,2222,1,4,4,4,5,4,4,5,4,4,4,4,4,4,4,,4,4,4,4,,4,78
,,,2,4,4,4,5,4,4,5,4,4,4,4,4,4,4,,4,4,4,4,,4,78
,,,+/-,-,-,-,-,-,-,-,-,-,-,-,-,-,-,,-,-,-,-,,-,-
2091's Family,,2091,1,3,2,3,3,3,3,4,2,3,3,4,3,3,2,,3,3,2,3,,3,55
,,,2,3,3,3,3,4,3,4,2,3,3,4,3,3,3,,3,3,3,3,,3,59
,,,+/-,-,"?
1",-,-,"?
1",-,-,-,-,-,-,-,-,"?
1",,-,-,"?
1",-,,-,"?
4"
2091's Family,,2091,1,3,2,3,3,3,3,4,2,3,3,4,3,3,2,,3,3,2,3,,3,55
,,,2,3,3,3,3,4,3,4,2,3,3,4,3,3,3,,3,3,3,3,,3,59
,,,+/-,-,"?
1",-,-,"?
1",-,-,-,-,-,-,-,-,"?
1",,-,-,"?
1",-,,-,"?
4"
1990's Family,,1990,1,3,3,3,2,2,3,4,3,4,4,3,3,3,3,,4,3,4,4,,3,61
,,,2,3,3,3,2,2,3,4,3,4,4,3,3,3,3,,4,3,4,4,,3,61
,,,+/-,-,-,-,-,-,-,-,-,-,-,-,-,-,-,,-,-,-,-,,-,-
1990's Family,,1990,1,3,3,3,2,2,3,4,3,4,4,3,3,3,3,,4,3,4,4,,3,61
,,,2,3,3,3,2,2,3,4,3,4,4,3,3,3,3,,4,3,4,4,,3,61
,,,+/-,-,-,-,-,-,-,-,-,-,-,-,-,-,-,,-,-,-,-,,-,-
Classroom Average - Special Ed/Foundation,,,,,,,,,,,,,,,,,,,,,,,,,
Families w/ complete assessments:,,7,1,3.3,3.1,3.3,3,2.7,3.3,4,3,3.4,3.6,3.4,3.1,3.3,3,,3.6,3.3,3.3,3.3,,2.9,61.9
,,7,2,3,3.3,3.1,2.9,2.3,3.1,3.9,3,3.4,3.4,3.6,3.1,3.3,3.1,,3.6,3.1,3.6,3,,3,60.9
,,7,+/-,"?
0.3","?
0.1","?
0.1","?
0.1","?
0.4","?
0.1","?
0.1",-,-,"?
0.1","?
0.1",-,-,"?
0.1",,-,"?
0.1","?
0.3","?
0.3",,"?
0.1","?
1"
ACAP Early Education Services - Gouldville Early Education Servi - Toddler Child Care,,,,,,,,,,,,,,,,,,,,,,,,,
1410's Family,,1410,1,3,4,3,4,4,3,4,3,4,4,5,5,5,4,,5,4,4,4,,4,76
,,,2,3,4,3,4,4,3,4,3,4,4,5,5,5,4,,5,4,4,4,,4,76
,,,+/-,-,-,-,-,-,-,-,-,-,-,-,-,-,-,,-,-,-,-,,-,-
Classroom Average - Toddler Child Care,,,,,,,,,,,,,,,,,,,,,,,,,
Families w/ complete assessments:,,1,1,3,4,3,4,4,3,4,3,4,4,5,5,5,4,,5,4,4,4,,4,76
,,1,2,3,4,3,4,4,3,4,3,4,4,5,5,5,4,,5,4,4,4,,4,76
,,1,+/-,-,-,-,-,-,-,-,-,-,-,-,-,-,-,,-,-,-,-,,-,-
Site Average - Gouldville Early Education Servi,,,,,,,,,,,,,,,,,,,,,,,,,
Families w/ complete assessments:,,29,1,3.4,3.4,3.2,3.5,2.9,3.3,4,2.9,3.6,3.6,3.8,3.3,3.4,2.9,,3.6,3.4,3.3,3.2,,2.9,63.7
,,29,2,3.3,3.4,3.2,3.6,2.9,3.3,3.9,2.9,3.6,3.6,4,3.5,3.4,3.2,,3.6,3.4,3.5,3.2,,3,64.6
,,29,+/-,"?
0.1","?
0","?
0.1","?
0","?
0","?
0.1","?
0.1",-,-,"?
0.1","?
0.2","?
0.2","?
0.1","?
0.2",,"?
0","?
0.1","?
0.2","?
0",,"?
0.1","?
0.9"
ACAP Early Education Services - Houlton Early Education Services - AM Collaboration,,,,,,,,,,,,,,,,,,,,,,,,,
2318's Family,,2318,1,5,5,3,5,4,5,5,3,5,5,4,3,5,4,,5,5,5,3,,4,83
,,,2,5,5,4,4,4,3,5,4,5,5,4,3,5,4,,5,5,5,4,,3,82
,,,+/-,-,-,"?
1","?
1",-,"?
2",-,"?
1",-,-,-,-,-,-,,-,-,-,"?
1",,"?
1","?
1"
Classroom Average - AM Collaboration,,,,,,,,,,,,,,,,,,,,,,,,,
Families w/ complete assessments:,,1,1,5,5,3,5,4,5,5,3,5,5,4,3,5,4,,5,5,5,3,,4,83
,,1,2,5,5,4,4,4,3,5,4,5,5,4,3,5,4,,5,5,5,4,,3,82
,,1,+/-,-,-,"?
1","?
1",-,"?
2",-,"?
1",-,-,-,-,-,-,,-,-,-,"?
1",,"?
1","?
1"
ACAP Early Education Services - Houlton Early Education Services - EHS,,,,,,,,,,,,,,,,,,,,,,,,,
2470's Family,,2470,1,2,5,3,4,1,1,4,1,3,3,5,1,1,3,,2,3,3,4,,3,52
,,,2,5,5,3,4,3,3,5,1,4,4,3,2,3,3,,3,4,4,4,,3,66
,,,+/-,"?
3",-,-,-,"?
2","?
2","?
1",-,"?
1","?
1","?
2","?
1","?
2",-,,"?
1","?
1","?
1",-,,-,"?
14"
2552's Family,,2552,1,3,4,3,3,1,3,3,3,3,4,4,4,3,3,,4,3,4,2,,3,60
,,,2,3,3,3,4,3,3,5,3,4,5,4,4,3,3,,4,4,4,4,,3,69
,,,+/-,-,"?
1",-,"?
1","?
2",-,"?
2",-,"?
1","?
1",-,-,-,-,,-,"?
1",-,"?
2",,-,"?
9"
2325's Family,,2325,1,2,4,3,5,1,3,2,1,2,3,4,2,3,1,,3,2,2,1,,1,45
,,,2,2,4,3,3,1,3,5,3,4,5,4,4,3,3,,4,4,4,4,,3,66
,,,+/-,-,-,-,"?
2",-,-,"?
3","?
2","?
2","?
2",-,"?
2",-,"?
2",,"?
1","?
2","?
2","?
3",,"?
2","?
21"
2318's Family,,2318,1,5,5,3,5,4,5,5,3,5,5,4,3,5,4,,5,5,5,3,,4,83
,,,2,5,5,4,4,4,3,5,4,5,5,4,3,5,4,,5,5,5,4,,3,82
,,,+/-,-,-,"?
1","?
1",-,"?
2",-,"?
1",-,-,-,-,-,-,,-,-,-,"?
1",,"?
1","?
1"
2552's Family,,2552,1,3,4,3,3,1,3,3,3,3,4,4,4,3,3,,4,3,4,2,,3,60
,,,2,3,3,3,4,3,3,5,3,4,5,4,4,3,3,,4,4,4,4,,3,69
,,,+/-,-,"?
1",-,"?
1","?
2",-,"?
2",-,"?
1","?
1",-,-,-,-,,-,"?
1",-,"?
2",,-,"?
9"
2552's Family,,2552,1,3,4,3,3,1,3,3,3,3,4,4,4,3,3,,4,3,4,2,,3,60
,,,2,3,3,3,4,3,3,5,3,4,5,4,4,3,3,,4,4,4,4,,3,69
,,,+/-,-,"?
1",-,"?
1","?
2",-,"?
2",-,"?
1","?
1",-,-,-,-,,-,"?
1",-,"?
2",,-,"?
9"
2559's Family,,2559,1,3,3,3,4,4,4,3,3,5,5,5,3,4,3,,3,4,5,4,,4,72
,,,2,4,3,3,3,3,3,3,3,4,5,3,3,3,4,,3,3,4,3,,3,63
,,,+/-,"?
1",-,-,"?
1","?
1","?
1",-,-,"?
1",-,"?
2",-,"?
1","?
1",,-,"?
1","?
1","?
1",,"?
1","?
9"
Classroom Average - EHS,,,,,,,,,,,,,,,,,,,,,,,,,
Families w/ complete assessments:,,5,1,3,4.2,3,4.2,2.2,3.2,3.4,2.2,3.6,4,4.4,2.6,3.2,2.8,,3.4,3.4,3.8,2.8,,3,62.4
,,5,2,3.8,4,3.2,3.6,2.8,3,4.6,2.8,4.2,4.8,3.6,3.2,3.4,3.4,,3.8,4,4.2,3.8,,3,69.2
,,5,+/-,"?
0.8","?
0.2","?
0.2","?
0.6","?
0.6","?
0.2","?
1.2","?
0.6","?
0.6","?
0.8","?
0.8","?
0.6","?
0.2","?
0.6",,"?
0.4","?
0.6","?
0.4","?
1",,-,"?
6.8"
ACAP Early Education Services - Houlton Early Education Services - I/T Child Care,,,,,,,,,,,,,,,,,,,,,,,,,
2552's Family,,2552,1,3,4,3,3,1,3,3,3,3,4,4,4,3,3,,4,3,4,2,,3,60
,,,2,3,3,3,4,3,3,5,3,4,5,4,4,3,3,,4,4,4,4,,3,69
,,,+/-,-,"?
1",-,"?
1","?
2",-,"?
2",-,"?
1","?
1",-,-,-,-,,-,"?
1",-,"?
2",,-,"?
9"
2318's Family,,2318,1,5,5,3,5,4,5,5,3,5,5,4,3,5,4,,5,5,5,3,,4,83
,,,2,5,5,4,4,4,3,5,4,5,5,4,3,5,4,,5,5,5,4,,3,82
,,,+/-,-,-,"?
1","?
1",-,"?
2",-,"?
1",-,-,-,-,-,-,,-,-,-,"?
1",,"?
1","?
1"
Classroom Average - I/T Child Care,,,,,,,,,,,,,,,,,,,,,,,,,
Families w/ complete assessments:,,2,1,4,4.5,3,4,2.5,4,4,3,4,4.5,4,3.5,4,3.5,,4.5,4,4.5,2.5,,3.5,71.5
,,2,2,4,4,3.5,4,3.5,3,5,3.5,4.5,5,4,3.5,4,3.5,,4.5,4.5,4.5,4,,3,75.5
,,2,+/-,-,"?
0.5","?
0.5",-,"?
1","?
1","?
1","?
0.5","?
0.5","?
0.5",-,-,-,-,,-,"?
0.5",-,"?
1.5",,"?
0.5","?
4"
ACAP Early Education Services - Houlton Early Education Services - Part-Day HS,,,,,,,,,,,,,,,,,,,,,,,,,
2350's Family,,2350,1,5,5,3,5,1,3,5,2,4,5,3,3,2,2,,5,5,5,4,,3,70
,,,2,5,5,3,5,1,4,5,2,4,5,3,3,2,2,,5,4,5,4,,3,70
,,,+/-,-,-,-,-,-,"?
1",-,-,-,-,-,-,-,-,,-,"?
1",-,-,,-,-
2014's Family,,2014,1,5,5,3,5,3,4,5,3,5,5,4,3,2,3,,5,5,5,4,,3,77
,,,2,4,5,3,5,3,3,5,2,5,5,4,3,3,3,,5,4,5,4,,3,74
,,,+/-,"?
1",-,-,-,-,"?
1",-,"?
1",-,-,-,-,"?
1",-,,-,"?
1",-,-,,-,"?
3"
2245's Family,,2245,1,5,4,3,1,1,3,5,3,4,5,4,3,2,4,,4,4,5,4,,4,68
,,,2,5,4,3,2,1,3,5,3,4,5,4,3,2,3,,3,5,5,4,,3,67
,,,+/-,-,-,-,"?
1",-,-,-,-,-,-,-,-,-,"?
1",,"?
1","?
1",-,-,,"?
1","?
1"
2305's Family,,2305,1,5,5,5,5,1,4,5,5,4,5,4,3,4,3,,5,4,4,4,,3,78
,,,2,5,5,5,5,3,5,5,5,5,5,4,4,4,3,,5,4,5,5,,3,85
,,,+/-,-,-,-,-,"?
2","?
1",-,-,"?
1",-,-,"?
1",-,-,,-,-,"?
1","?
1",,-,"?
7"
2242's Family,,2242,1,5,5,5,5,2,5,5,3,5,5,3,5,5,3,,5,5,5,5,,5,86
,,,2,5,5,4,5,3,4,5,3,5,5,3,4,5,3,,5,5,5,5,,3,82
,,,+/-,-,-,"?
1",-,"?
1","?
1",-,-,-,-,-,"?
1",-,-,,-,-,-,-,,"?
2","?
4"
2628's Family,,2628,1,2,4,5,5,3,3,5,3,4,5,3,5,4,2,,5,5,5,4,,3,75
,,,2,2,4,4,5,2,4,5,3,4,5,3,5,4,2,,5,5,5,4,,3,74
,,,+/-,-,-,"?
1",-,"?
1","?
1",-,-,-,-,-,-,-,-,,-,-,-,-,,-,"?
1"
2201's Family,,2201,1,5,5,5,5,1,4,5,3,4,4,3,4,3,3,,5,4,4,3,,5,75
,,,2,5,5,3,5,1,3,5,3,4,4,4,3,3,3,,3,4,4,3,,3,68
,,,+/-,-,-,"?
2",-,-,"?
1",-,-,-,-,"?
1","?
1",-,-,,"?
2",-,-,-,,"?
2","?
7"
2318's Family,,2318,1,5,5,3,5,4,5,5,3,5,5,4,3,5,4,,5,5,5,3,,4,83
,,,2,5,5,4,4,4,3,5,4,5,5,4,3,5,4,,5,5,5,4,,3,82
,,,+/-,-,-,"?
1","?
1",-,"?
2",-,"?
1",-,-,-,-,-,-,,-,-,-,"?
1",,"?
1","?
1"
Classroom Average - Part-Day HS,,,,,,,,,,,,,,,,,,,,,,,,,
Families w/ complete assessments:,,8,1,4.6,4.8,4,4.5,2,3.9,5,3.1,4.4,4.9,3.5,3.6,3.4,3,,4.9,4.6,4.8,3.9,,3.8,76.5
,,8,2,4.5,4.8,3.6,4.5,2.3,3.6,5,3.1,4.5,4.9,3.6,3.5,3.5,2.9,,4.5,4.5,4.9,4.1,,3,75.3
,,8,+/-,"?
0.1",-,"?
0.4",-,"?
0.3","?
0.3",-,-,"?
0.1",-,"?
0.1","?
0.1","?
0.1","?
0.1",,"?
0.4","?
0.1","?
0.1","?
0.3",,"?
0.8","?
1.3"
ACAP Early Education Services - Houlton Early Education Services - PS Child Care,,,,,,,,,,,,,,,,,,,,,,,,,
2014's Family,,2014,1,5,5,3,5,3,4,5,3,5,5,4,3,2,3,,5,5,5,4,,3,77
,,,2,4,5,3,5,3,3,5,2,5,5,4,3,3,3,,5,4,5,4,,3,74
,,,+/-,"?
1",-,-,-,-,"?
1",-,"?
1",-,-,-,-,"?
1",-,,-,"?
1",-,-,,-,"?
3"
2201's Family,,2201,1,5,5,5,5,1,4,5,3,4,4,3,4,3,3,,5,4,4,3,,5,75
,,,2,5,5,3,5,1,3,5,3,4,4,4,3,3,3,,3,4,4,3,,3,68
,,,+/-,-,-,"?
2",-,-,"?
1",-,-,-,-,"?
1","?
1",-,-,,"?
2",-,-,-,,"?
2","?
7"
2318's Family,,2318,1,5,5,3,5,4,5,5,3,5,5,4,3,5,4,,5,5,5,3,,4,83
,,,2,5,5,4,4,4,3,5,4,5,5,4,3,5,4,,5,5,5,4,,3,82
,,,+/-,-,-,"?
1","?
1",-,"?
2",-,"?
1",-,-,-,-,-,-,,-,-,-,"?
1",,"?
1","?
1"
Classroom Average - PS Child Care,,,,,,,,,,,,,,,,,,,,,,,,,
Families w/ complete assessments:,,3,1,5,5,3.7,5,2.7,4.3,5,3,4.7,4.7,3.7,3.3,3.3,3.3,,5,4.7,4.7,3.3,,4,78.3
,,3,2,4.7,5,3.3,4.7,2.7,3,5,3,4.7,4.7,4,3,3.7,3.3,,4.3,4.3,4.7,3.7,,3,74.7
,,3,+/-,"?
0.3",-,"?
0.3","?
0.3",-,"?
1.3",-,-,-,-,"?
0.3","?
0.3","?
0.3",-,,"?
0.7","?
0.3",-,"?
0.3",,"?
1","?
3.7"
Site Average - Houlton Early Education Services,,,,,,,,,,,,,,,,,,,,,,,,,
Families w/ complete assessments:,,12,1,3.9,4.5,3.7,4.3,1.9,3.5,4.3,2.8,4,4.5,3.8,3.3,3.2,2.8,,4.3,4.1,4.3,3.5,,3.4,70.1
,,12,2,4.2,4.4,3.4,4.2,2.3,3.4,4.8,2.9,4.3,4.8,3.6,3.4,3.3,3,,4.2,4.3,4.6,4,,3,72.2
,,12,+/-,"?
0.3","?
0.1","?
0.3","?
0.2","?
0.4","?
0.1","?
0.5","?
0.2","?
0.3","?
0.3","?
0.3","?
0.2","?
0.2","?
0.2",,"?
0.1","?
0.2","?
0.3","?
0.5",,"?
0.4","?
2.1"
ACAP Early Education Services - PIRCTC Early Education Services - Full-Day HS (Duration),,,,,,,,,,,,,,,,,,,,,,,,,
2466's Family,,2466,1,4,3,3,2,1,3,4,3,3,4,3,3,3,3,,4,3,3,3,,3,58
,,,2,4,3,3,2,1,3,4,3,3,3,3,3,2,3,,4,3,3,3,,3,56
,,,+/-,-,-,-,-,-,-,-,-,-,"?
1",-,-,"?
1",-,,-,-,-,-,,-,"?
2"
1829's Family,,1829,1,4,4,3,4,4,3,3,3,3,3,3,2,2,2,,3,3,3,3,,3,58
,,,2,4,4,3,4,4,3,3,3,3,3,3,3,3,2,,3,3,3,3,,3,60
,,,+/-,-,-,-,-,-,-,-,-,-,-,-,"?
1","?
1",-,,-,-,-,-,,-,"?
2"
2109's Family,,2109,1,3,4,3,4,4,3,4,3,4,4,4,4,3,3,,4,4,4,4,,3,69
,,,2,3,4,3,4,4,3,4,3,4,4,4,4,3,3,,4,4,4,4,,3,69
,,,+/-,-,-,-,-,-,-,-,-,-,-,-,-,-,-,,-,-,-,-,,-,-
2644's Family,,2644,1,5,5,3,4,4,4,5,5,4,5,4,4,3,3,,4,4,4,5,,4,79
,,,2,5,5,3,4,4,4,5,5,4,5,4,4,3,3,,4,4,4,5,,4,79
,,,+/-,-,-,-,-,-,-,-,-,-,-,-,-,-,-,,-,-,-,-,,-,-
1882's Family,,1882,1,5,4,3,4,4,4,4,3,4,4,4,4,3,3,,4,4,4,3,,3,71
,,,2,5,4,3,4,4,4,4,3,4,4,4,4,3,3,,4,4,4,3,,3,71
,,,+/-,-,-,-,-,-,-,-,-,-,-,-,-,-,-,,-,-,-,-,,-,-
2580's Family,,2580,1,5,4,3,5,4,4,5,3,4,4,4,4,3,4,,4,4,4,4,,3,75
,,,2,5,4,3,5,4,4,5,3,4,4,4,4,3,4,,4,4,4,4,,3,75
,,,+/-,-,-,-,-,-,-,-,-,-,-,-,-,-,-,,-,-,-,-,,-,-
1906's Family,,1906,1,3,4,3,5,4,4,4,4,3,4,4,4,4,3,,4,4,3,4,,3,71
,,,2,3,4,3,5,4,4,4,4,3,4,4,4,4,3,,4,4,3,4,,3,71
,,,+/-,-,-,-,-,-,-,-,-,-,-,-,-,-,-,,-,-,-,-,,-,-
1075's Family,,1075,1,3,3,3,4,2,3,4,3,3,4,3,3,3,3,,3,3,3,2,,3,58
,,,2,3,4,3,4,3,3,4,3,3,4,3,3,3,3,,3,3,3,2,,3,60
,,,+/-,-,"?
1",-,-,"?
1",-,-,-,-,-,-,-,-,-,,-,-,-,-,,-,"?
2"
1528's Family,,1528,1,1,3,3,2,1,2,2,3,2,3,3,3,2,3,,4,4,2,3,,3,49
,,,2,2,3,3,2,1,2,2,3,2,3,3,3,2,3,,4,4,2,3,,3,50
,,,+/-,"?
1",-,-,-,-,-,-,-,-,-,-,-,-,-,,-,-,-,-,,-,"?
1"
1055's Family,,1055,1,4,3,3,4,1,3,3,3,3,3,3,3,4,2,,3,2,3,3,,2,55
,,,2,4,3,3,4,3,3,3,3,3,3,3,3,4,2,,3,2,3,3,,2,57
,,,+/-,-,-,-,-,"?
2",-,-,-,-,-,-,-,-,-,,-,-,-,-,,-,"?
2"
2388's Family,,2388,1,4,4,4,5,4,4,5,3,5,5,5,4,5,3,,5,4,4,3,,4,80
,,,2,4,4,4,5,4,4,4,3,5,5,5,4,5,3,,5,4,4,3,,4,79
,,,+/-,-,-,-,-,-,-,"?
1",-,-,-,-,-,-,-,,-,-,-,-,,-,"?
1"
Classroom Average - Full-Day HS (Duration),,,,,,,,,,,,,,,,,,,,,,,,,
Families w/ complete assessments:,,11,1,3.7,3.7,3.1,3.9,3,3.4,3.9,3.3,3.5,3.9,3.6,3.5,3.2,2.9,,3.8,3.5,3.4,3.4,,3.1,65.7
,,11,2,3.8,3.8,3.1,3.9,3.3,3.4,3.8,3.3,3.5,3.8,3.6,3.5,3.2,2.9,,3.8,3.5,3.4,3.4,,3.1,66.1
,,11,+/-,"?
0.1","?
0.1",-,-,"?
0.3",-,"?
0.1",-,-,"?
0.1",-,"?
0.1",-,-,,-,-,-,-,,-,"?
0.4"
Site Average - PIRCTC Early Education Services,,,,,,,,,,,,,,,,,,,,,,,,,
Families w/ complete assessments:,,11,1,3.7,3.7,3.1,3.9,3,3.4,3.9,3.3,3.5,3.9,3.6,3.5,3.2,2.9,,3.8,3.5,3.4,3.4,,3.1,65.7
,,11,2,3.8,3.8,3.1,3.9,3.3,3.4,3.8,3.3,3.5,3.8,3.6,3.5,3.2,2.9,,3.8,3.5,3.4,3.4,,3.1,66.1
,,11,+/-,"?
0.1","?
0.1",-,-,"?
0.3",-,"?
0.1",-,-,"?
0.1",-,"?
0.1",-,-,,-,-,-,-,,-,"?
0.4"
ACAP Early Education Services - Region II Early Education Servic - Full-Day HS (Duration),,,,,,,,,,,,,,,,,,,,,,,,,
2183's Family,,2183,1,3,4,3,5,1,3,5,5,4,5,5,2,2,4,,5,5,5,4,,5,75
,,,2,3,4,3,5,1,3,5,5,4,5,5,3,4,4,,5,5,5,4,,3,76
,,,+/-,-,-,-,-,-,-,-,-,-,-,-,"?
1","?
2",-,,-,-,-,-,,"?
2","?
1"
2325's Family,,2325,1,2,4,3,5,1,3,2,1,2,3,4,2,3,1,,3,2,2,1,,1,45
,,,2,2,4,3,3,1,3,5,3,4,5,4,4,3,3,,4,4,4,4,,3,66
,,,+/-,-,-,-,"?
2",-,-,"?
3","?
2","?
2","?
2",-,"?
2",-,"?
2",,"?
1","?
2","?
2","?
3",,"?
2","?
21"
2318's Family,,2318,1,5,5,3,5,4,5,5,3,5,5,4,3,5,4,,5,5,5,3,,4,83
,,,2,5,5,4,4,4,3,5,4,5,5,4,3,5,4,,5,5,5,4,,3,82
,,,+/-,-,-,"?
1","?
1",-,"?
2",-,"?
1",-,-,-,-,-,-,,-,-,-,"?
1",,"?
1","?
1"
Classroom Average - Full-Day HS (Duration),,,,,,,,,,,,,,,,,,,,,,,,,
Families w/ complete assessments:,,3,1,3.3,4.3,3,5,2,3.7,4,3,3.7,4.3,4.3,2.3,3.3,3,,4.3,4,4,2.7,,3.3,67.7
,,3,2,3.3,4.3,3.3,4,2,3,5,4,4.3,5,4.3,3.3,4,3.7,,4.7,4.7,4.7,4,,3,74.7
,,3,+/-,-,-,"?
0.3","?
1",-,"?
0.7","?
1","?
1","?
0.7","?
0.7",-,"?
1","?
0.7","?
0.7",,"?
0.3","?
0.7","?
0.7","?
1.3",,"?
0.3","?
7"
Site Average - Region II Early Education Servic,,,,,,,,,,,,,,,,,,,,,,,,,
Families w/ complete assessments:,,3,1,3.3,4.3,3,5,2,3.7,4,3,3.7,4.3,4.3,2.3,3.3,3,,4.3,4,4,2.7,,3.3,67.7
,,3,2,3.3,4.3,3.3,4,2,3,5,4,4.3,5,4.3,3.3,4,3.7,,4.7,4.7,4.7,4,,3,74.7
,,3,+/-,-,-,"?
0.3","?
1",-,"?
0.7","?
1","?
1","?
0.7","?
0.7",-,"?
1","?
0.7","?
0.7",,"?
0.3","?
0.7","?
0.7","?
1.3",,"?
0.3","?
7"
Agency Average - ACAP Early Education Services,,,,,,,,,,,,,,,,,,,,,,,,,
Families w/ complete assessments:,,108,1,3.7,3.9,3.4,3.9,2.9,3.4,4.1,3.1,3.8,4,3.8,3.6,3.4,3.1,,3.9,3.7,3.8,3.5,,3.1,68
,,108,2,3.7,3.9,3.4,3.9,3,3.5,4.3,3.2,3.8,4.1,4,3.7,3.6,3.4,,3.9,3.8,3.9,3.5,,3.1,69.8
,,108,+/-,"?
0","?
0.1","?
0","?
0","?
0.1","?
0.1","?
0.2","?
0.1","?
0","?
0.1","?
0.2","?
0.1","?
0.1","?
0.3",,"?
0","?
0.1","?
0.1",-,,"?
0","?
1.7"
Report Average,,,,,,,,,,,,,,,,,,,,,,,,,
Families w/ complete assessments:,,108,1,3.7,3.9,3.4,3.9,2.9,3.4,4.1,3.1,3.8,4,3.8,3.6,3.4,3.1,,3.9,3.7,3.8,3.5,,3.1,68
,,108,2,3.7,3.9,3.4,3.9,3,3.5,4.3,3.2,3.8,4.1,4,3.7,3.6,3.4,,3.9,3.8,3.9,3.5,,3.1,69.8
,,108,+/-,"?
0","?
0.1","?
0","?
0","?
0.1","?
0.1","?
0.2","?
0.1","?
0","?
0.1","?
0.2","?
0.1","?
0.1","?
0.3",,"?
0","?
0.1","?
0.1",-,,"?
0","?
1.7"
Scoring Legend:  5.0 - Thriving  4.0 - Strength  3.0 - Making Progress  2.0 - Needs Assistance  1.0 - In-Crisis,,,,,,,,,,,,,,,,,,,,,,,,,
Gains are calculated by comparing results from the first and most recent assessments,,,,,,,,,,,,,,,,,, ChildPlus,,,,,,,
